Problem,Solver,Solver Version,Solver Release Year,Status,Termination Condition,Runtime (s),Memory Usage (MB),Objective Value,Max Integrality Violation,Duality Gap,Reported Runtime (s),Timeout,Hostname,Run ID,Timestamp,VM Instance Type,VM Zone,Solver benchmark version,Seed
pypsa-eur-elec-100-24h,glpk-default,5.0,2020.0,TO,Timeout,3600.0,511.144,,,,3600.0,3600.0,benchmark-instance-benchmark-instance-v3-linopy-00,20260926-v3-linopy,2026-09-26 11:23:29.115974,c4-standard-2,us-central1-a,03cd735,0.0
reference-benchmark,highs-binary,1.10.0,,OK,Optimal,210.93376242500017,,2813303766.2,,,,,benchmark-instance-benchmark-instance-v3-linopy-00,20260926-v3-linopy,2026-09-26 12:27:00.091972,c4-standard-2,us-central1-a,03cd735,
pypsa-eur-elec-100-24h,scip-default,8.0.3,2022.0,OOM,Out of Memory,,,,,,,3600.0,benchmark-instance-benchmark-instance-v3-linopy-00,20260926-v3-linopy,2026-09-26 12:27:11.805043,c4-standard-2,us-central1-a,03cd735,0.0
reference-benchmark,highs-binary,1.10.0,,OK,Optimal,210.7725954829998,,2813303766.2,,,,,benchmark-instance-benchmark-instance-v3-linopy-00,20260926-v3-linopy,2026-09-26 12:31:03.457114,c4-standard-2,us-central1-a,03cd735,
pypsa-eur-elec-100-24h,gurobi-default,10.0.0,2022.0,ok,optimal,221.59857704600017,1684.06,32223351749.627365,,,210.95660305023196,3600.0,benchmark-instance-benchmark-instance-v3-linopy-00,20260926-v3-linopy,2026-09-26 12:31:03.457299,c4-standard-2,us-central1-a,03cd735,0.0
pypsa-eur-elec-100-24h,cbc-default,2.10.11,2023.0,TO,Timeout,3600.0,512.372,,,,3600.0,3600.0,benchmark-instance-benchmark-instance-v3-linopy-00,20260926-v3-linopy,2026-09-26 12:35:05.252026,c4-standard-2,us-central1-a,03cd735,1.0
reference-benchmark,highs-binary,1.10.0,,OK,Optimal,210.2293271059998,,2813303766.2,,,,,benchmark-instance-benchmark-instance-v3-linopy-00,20260926-v3-linopy,2026-09-26 13:38:35.525076,c4-standard-2,us-central1-a,03cd735,
pypsa-eur-elec-100-24h,scip-default,8.1.0,2023.0,OOM,Out of Memory,,,,,,,3600.0,benchmark-instance-benchmark-instance-v3-linopy-00,20260926-v3-linopy,2026-09-26 13:38:35.525256,c4-standard-2,us-central1-a,03cd735,0.0
pypsa-eur-elec-100-24h,gurobi-default,11.0.0,2023.0,TO,Timeout,3600.0,1106.384,,,,3600.0,3600.0,benchmark-instance-benchmark-instance-v3-linopy-00,20260926-v3-linopy,2026-09-26 13:38:56.706226,c4-standard-2,us-central1-a,03cd735,0.0
reference-benchmark,highs-binary,1.10.0,,OK,Optimal,211.87805100700095,,2813303766.2,,,,,benchmark-instance-benchmark-instance-v3-linopy-00,20260926-v3-linopy,2026-09-26 14:42:29.076653,c4-standard-2,us-central1-a,03cd735,
pypsa-eur-elec-100-24h,cbc-default,2.10.12,2024.0,TO,Timeout,3600.0,511.932,,,,3600.0,3600.0,benchmark-instance-benchmark-instance-v3-linopy-00,20260926-v3-linopy,2026-09-26 14:42:38.758716,c4-standard-2,us-central1-a,03cd735,1.0
reference-benchmark,highs-binary,1.10.0,,OK,Optimal,212.84433687300043,,2813303766.2,,,,,benchmark-instance-benchmark-instance-v3-linopy-00,20260926-v3-linopy,2026-09-26 15:46:11.637279,c4-standard-2,us-central1-a,03cd735,
pypsa-eur-elec-100-24h,scip-default,9.2.0,2024.0,OOM,Out of Memory,,,,,,,3600.0,benchmark-instance-benchmark-instance-v3-linopy-00,20260926-v3-linopy,2026-09-26 15:46:11.637457,c4-standard-2,us-central1-a,03cd735,0.0
pypsa-eur-elec-100-24h,gurobi-default,12.0.0,2024.0,TO,Timeout,3600.0,1132.3,,,,3600.0,3600.0,benchmark-instance-benchmark-instance-v3-linopy-00,20260926-v3-linopy,2026-09-26 15:46:32.822558,c4-standard-2,us-central1-a,03cd735,0.0
reference-benchmark,highs-binary,1.10.0,,OK,Optimal,213.31220868400123,,2813303766.2,,,,,benchmark-instance-benchmark-instance-v3-linopy-00,20260926-v3-linopy,2026-09-26 16:50:06.249508,c4-standard-2,us-central1-a,03cd735,
pypsa-eur-elec-100-24h,scip-default,10.0.0,2025.0,OOM,Out of Memory,,,,,,,3600.0,benchmark-instance-benchmark-instance-v3-linopy-00,20260926-v3-linopy,2026-09-26 16:50:10.672250,c4-standard-2,us-central1-a,03cd735,0.0
reference-benchmark,highs-binary,1.10.0,,OK,Optimal,212.62695650800012,,2813303766.2,,,,,benchmark-instance-benchmark-instance-v3-linopy-00,20260926-v3-linopy,2026-09-26 16:54:04.562244,c4-standard-2,us-central1-a,03cd735,
pypsa-eur-elec-100-24h,gurobi-default,13.0.0,2025.0,TO,Timeout,3600.0,1146.984,,,,3600.0,3600.0,benchmark-instance-benchmark-instance-v3-linopy-00,20260926-v3-linopy,2026-09-26 16:54:04.562462,c4-standard-2,us-central1-a,03cd735,0.0
reference-benchmark,highs-binary,1.10.0,,OK,Optimal,211.8825936489993,,2813303766.2,,,,,benchmark-instance-benchmark-instance-v3-linopy-00,20260926-v3-linopy,2026-09-26 17:57:36.497721,c4-standard-2,us-central1-a,03cd735,
pypsa-eur-elec-100-24h,highs-ipm,1.15.1,2026.0,ok,optimal,3476.6663124889965,1643.66,32223351753.12874,,,3468.504128456116,3600.0,benchmark-instance-benchmark-instance-v3-linopy-00,20260926-v3-linopy,2026-09-26 17:57:37.927858,c4-standard-2,us-central1-a,03cd735,0.0
reference-benchmark,highs-binary,1.10.0,,OK,Optimal,212.6183611840024,,2813303766.2,,,,,benchmark-instance-benchmark-instance-v3-linopy-00,20260926-v3-linopy,2026-09-26 18:59:10.371032,c4-standard-2,us-central1-a,03cd735,
pypsa-eur-elec-100-24h,highs-hipo,1.15.1,2026.0,OOM,Out of Memory,,,,,,,3600.0,benchmark-instance-benchmark-instance-v3-linopy-00,20260926-v3-linopy,2026-09-26 18:59:10.371246,c4-standard-2,us-central1-a,03cd735,0.0
IESA-Opt-NL-1-3h,glpk-default,5.0,2020.0,TO,Timeout,3600.0,625.12,,,,3600.0,3600.0,benchmark-instance-benchmark-instance-v3-linopy-01,20260926-v3-linopy,2026-09-26 11:23:25.924520,c4-standard-2,us-central1-a,03cd735,0.0
reference-benchmark,highs-binary,1.10.0,,OK,Optimal,207.385207158,,2813303766.2,,,,,benchmark-instance-benchmark-instance-v3-linopy-01,20260926-v3-linopy,2026-09-26 12:26:53.362934,c4-standard-2,us-central1-a,03cd735,
IESA-Opt-NL-1-3h,scip-default,8.0.3,2022.0,TO,Timeout,3600.0,4263.76,,,,3600.0,3600.0,benchmark-instance-benchmark-instance-v3-linopy-01,20260926-v3-linopy,2026-09-26 12:27:04.810575,c4-standard-2,us-central1-a,03cd735,0.0
reference-benchmark,highs-binary,1.10.0,,OK,Optimal,207.2679859029995,,2813303766.2,,,,,benchmark-instance-benchmark-instance-v3-linopy-01,20260926-v3-linopy,2026-09-26 13:30:32.184441,c4-standard-2,us-central1-a,03cd735,
IESA-Opt-NL-1-3h,gurobi-default,10.0.0,2022.0,ok,optimal,122.11173802800022,1027.288,41908.04131126555,,,116.3440511226654,3600.0,benchmark-instance-benchmark-instance-v3-linopy-01,20260926-v3-linopy,2026-09-26 13:30:32.184630,c4-standard-2,us-central1-a,03cd735,0.0
IESA-Opt-NL-1-3h,cbc-default,2.10.11,2023.0,TO,Timeout,3600.0,626.444,,,,3600.0,3600.0,benchmark-instance-benchmark-instance-v3-linopy-01,20260926-v3-linopy,2026-09-26 13:32:51.659065,c4-standard-2,us-central1-a,03cd735,1.0
reference-benchmark,highs-binary,1.10.0,,OK,Optimal,206.78103523299976,,2813303766.2,,,,,benchmark-instance-benchmark-instance-v3-linopy-01,20260926-v3-linopy,2026-09-26 14:36:18.473399,c4-standard-2,us-central1-a,03cd735,
IESA-Opt-NL-1-3h,scip-default,8.1.0,2023.0,TO,Timeout,3600.0,4291.584,,,,3600.0,3600.0,benchmark-instance-benchmark-instance-v3-linopy-01,20260926-v3-linopy,2026-09-26 14:36:18.477453,c4-standard-2,us-central1-a,03cd735,0.0
reference-benchmark,highs-binary,1.10.0,,OK,Optimal,211.71111169600044,,2813303766.2,,,,,benchmark-instance-benchmark-instance-v3-linopy-01,20260926-v3-linopy,2026-09-26 15:39:50.296761,c4-standard-2,us-central1-a,03cd735,
IESA-Opt-NL-1-3h,gurobi-default,11.0.0,2023.0,TO,Timeout,3600.0,920.484,,,,3600.0,3600.0,benchmark-instance-benchmark-instance-v3-linopy-01,20260926-v3-linopy,2026-09-26 15:39:50.296941,c4-standard-2,us-central1-a,03cd735,0.0
reference-benchmark,highs-binary,1.10.0,,OK,Optimal,206.20547619699937,,2813303766.2,,,,,benchmark-instance-benchmark-instance-v3-linopy-01,20260926-v3-linopy,2026-09-26 16:43:16.534358,c4-standard-2,us-central1-a,03cd735,
IESA-Opt-NL-1-3h,cbc-default,2.10.12,2024.0,TO,Timeout,3600.0,626.08,,,,3600.0,3600.0,benchmark-instance-benchmark-instance-v3-linopy-01,20260926-v3-linopy,2026-09-26 16:43:24.997185,c4-standard-2,us-central1-a,03cd735,1.0
reference-benchmark,highs-binary,1.10.0,,OK,Optimal,206.33417560599992,,2813303766.2,,,,,benchmark-instance-benchmark-instance-v3-linopy-01,20260926-v3-linopy,2026-09-26 17:46:51.356183,c4-standard-2,us-central1-a,03cd735,
IESA-Opt-NL-1-3h,scip-default,9.2.0,2024.0,TO,Timeout,3600.0,4266.432,,,,3600.0,3600.0,benchmark-instance-benchmark-instance-v3-linopy-01,20260926-v3-linopy,2026-09-26 17:46:51.356359,c4-standard-2,us-central1-a,03cd735,0.0
reference-benchmark,highs-binary,1.10.0,,OK,Optimal,207.89735161899807,,2813303766.2,,,,,benchmark-instance-benchmark-instance-v3-linopy-01,20260926-v3-linopy,2026-09-26 18:50:19.345353,c4-standard-2,us-central1-a,03cd735,
IESA-Opt-NL-1-3h,gurobi-default,12.0.0,2024.0,TO,Timeout,3600.0,860.716,,,,3600.0,3600.0,benchmark-instance-benchmark-instance-v3-linopy-01,20260926-v3-linopy,2026-09-26 18:50:19.345534,c4-standard-2,us-central1-a,03cd735,0.0
reference-benchmark,highs-binary,1.10.0,,OK,Optimal,211.4656305510034,,2813303766.2,,,,,benchmark-instance-benchmark-instance-v3-linopy-01,20260926-v3-linopy,2026-09-26 19:53:50.850920,c4-standard-2,us-central1-a,03cd735,
IESA-Opt-NL-1-3h,scip-default,10.0.0,2025.0,TO,Timeout,3600.0,4304.096,,,,3600.0,3600.0,benchmark-instance-benchmark-instance-v3-linopy-01,20260926-v3-linopy,2026-09-26 19:53:54.651923,c4-standard-2,us-central1-a,03cd735,0.0
reference-benchmark,highs-binary,1.10.0,,OK,Optimal,216.22136691999916,,2813303766.2,,,,,benchmark-instance-benchmark-instance-v3-linopy-01,20260926-v3-linopy,2026-09-26 20:57:30.969521,c4-standard-2,us-central1-a,03cd735,
IESA-Opt-NL-1-3h,gurobi-default,13.0.0,2025.0,TO,Timeout,3600.0,863.992,,,,3600.0,3600.0,benchmark-instance-benchmark-instance-v3-linopy-01,20260926-v3-linopy,2026-09-26 20:57:30.969704,c4-standard-2,us-central1-a,03cd735,0.0
reference-benchmark,highs-binary,1.10.0,,OK,Optimal,213.2933207629976,,2813303766.2,,,,,benchmark-instance-benchmark-instance-v3-linopy-01,20260926-v3-linopy,2026-09-26 22:01:04.294052,c4-standard-2,us-central1-a,03cd735,
IESA-Opt-NL-1-3h,highs-ipm,1.15.1,2026.0,TO,Timeout,3600.0,1272.764,,,,3600.0,3600.0,benchmark-instance-benchmark-instance-v3-linopy-01,20260926-v3-linopy,2026-09-26 22:01:05.682617,c4-standard-2,us-central1-a,03cd735,0.0
reference-benchmark,highs-binary,1.10.0,,OK,Optimal,208.77262057799817,,2813303766.2,,,,,benchmark-instance-benchmark-instance-v3-linopy-01,20260926-v3-linopy,2026-09-26 23:04:34.486767,c4-standard-2,us-central1-a,03cd735,
IESA-Opt-NL-1-3h,highs-hipo,1.15.1,2026.0,TO,Timeout,3600.0,1852.0,,,,3600.0,3600.0,benchmark-instance-benchmark-instance-v3-linopy-01,20260926-v3-linopy,2026-09-26 23:04:34.486969,c4-standard-2,us-central1-a,03cd735,0.0
reference-benchmark,highs-binary,1.10.0,,OK,Optimal,211.6306764590045,,2813303766.2,,,,,benchmark-instance-benchmark-instance-v3-linopy-01,20260926-v3-linopy,2026-09-27 00:08:06.154363,c4-standard-2,us-central1-a,03cd735,
SWITCH-USA-PG-3-168h,glpk-default,5.0,2020.0,TO,Timeout,3600.0,731.16,,,,3600.0,3600.0,benchmark-instance-benchmark-instance-v3-linopy-02,20260926-v3-linopy,2026-09-26 11:23:06.127997,c4-standard-2,us-central1-a,03cd735,0.0
reference-benchmark,highs-binary,1.10.0,,OK,Optimal,218.54128356799995,,2813303766.2,,,,,benchmark-instance-benchmark-instance-v3-linopy-02,20260926-v3-linopy,2026-09-26 12:26:44.704709,c4-standard-2,us-central1-a,03cd735,
SWITCH-USA-PG-3-168h,scip-default,8.0.3,2022.0,TO,Timeout,3600.0,3415.848,,,,3600.0,3600.0,benchmark-instance-benchmark-instance-v3-linopy-02,20260926-v3-linopy,2026-09-26 12:26:56.199886,c4-standard-2,us-central1-a,03cd735,0.0
reference-benchmark,highs-binary,1.10.0,,OK,Optimal,216.7869618779996,,2813303766.2,,,,,benchmark-instance-benchmark-instance-v3-linopy-02,20260926-v3-linopy,2026-09-26 13:30:33.094046,c4-standard-2,us-central1-a,03cd735,
SWITCH-USA-PG-3-168h,gurobi-default,10.0.0,2022.0,ok,optimal,15.313056105999747,941.084,32987211603.87078,,,8.721283912658691,3600.0,benchmark-instance-benchmark-instance-v3-linopy-02,20260926-v3-linopy,2026-09-26 13:30:33.094226,c4-standard-2,us-central1-a,03cd735,0.0
SWITCH-USA-PG-3-168h,cbc-default,2.10.11,2023.0,ok,optimal,1391.0212290490008,1397.876,32987211603.87234,,,,3600.0,benchmark-instance-benchmark-instance-v3-linopy-02,20260926-v3-linopy,2026-09-26 13:31:04.834362,c4-standard-2,us-central1-a,03cd735,1.0
reference-benchmark,highs-binary,1.10.0,,OK,Optimal,219.3897664920005,,2813303766.2,,,,,benchmark-instance-benchmark-instance-v3-linopy-02,20260926-v3-linopy,2026-09-26 13:58:04.737667,c4-standard-2,us-central1-a,03cd735,
SWITCH-USA-PG-3-168h,scip-default,8.1.0,2023.0,TO,Timeout,3600.0,3453.412,,,,3600.0,3600.0,benchmark-instance-benchmark-instance-v3-linopy-02,20260926-v3-linopy,2026-09-26 13:58:04.737847,c4-standard-2,us-central1-a,03cd735,0.0
reference-benchmark,highs-binary,1.10.0,,OK,Optimal,217.59082868800036,,2813303766.2,,,,,benchmark-instance-benchmark-instance-v3-linopy-02,20260926-v3-linopy,2026-09-26 15:01:42.406169,c4-standard-2,us-central1-a,03cd735,
SWITCH-USA-PG-3-168h,gurobi-default,11.0.0,2023.0,ok,optimal,44.4100442630006,873.616,32987211603.86908,,,39.14037108421326,3600.0,benchmark-instance-benchmark-instance-v3-linopy-02,20260926-v3-linopy,2026-09-26 15:01:42.406344,c4-standard-2,us-central1-a,03cd735,0.0
SWITCH-USA-PG-3-168h,cbc-default,2.10.12,2024.0,ok,optimal,1383.2391334969998,1397.008,32987211603.87234,,,,3600.0,benchmark-instance-benchmark-instance-v3-linopy-02,20260926-v3-linopy,2026-09-26 15:02:41.460536,c4-standard-2,us-central1-a,03cd735,1.0
reference-benchmark,highs-binary,1.10.0,,OK,Optimal,217.54243764300008,,2813303766.2,,,,,benchmark-instance-benchmark-instance-v3-linopy-02,20260926-v3-linopy,2026-09-26 15:29:31.109615,c4-standard-2,us-central1-a,03cd735,
SWITCH-USA-PG-3-168h,scip-default,9.2.0,2024.0,TO,Timeout,3600.0,3439.6,,,,3600.0,3600.0,benchmark-instance-benchmark-instance-v3-linopy-02,20260926-v3-linopy,2026-09-26 15:29:31.109791,c4-standard-2,us-central1-a,03cd735,0.0
reference-benchmark,highs-binary,1.10.0,,OK,Optimal,218.75648648300196,,2813303766.2,,,,,benchmark-instance-benchmark-instance-v3-linopy-02,20260926-v3-linopy,2026-09-26 16:33:09.953370,c4-standard-2,us-central1-a,03cd735,
SWITCH-USA-PG-3-168h,gurobi-default,12.0.0,2024.0,ok,optimal,71.85193813000296,880.672,32987211603.86908,,,66.45804190635681,3600.0,benchmark-instance-benchmark-instance-v3-linopy-02,20260926-v3-linopy,2026-09-26 16:33:09.953548,c4-standard-2,us-central1-a,03cd735,0.0
SWITCH-USA-PG-3-168h,scip-default,10.0.0,2025.0,TO,Timeout,3600.0,3417.98,,,,3600.0,3600.0,benchmark-instance-benchmark-instance-v3-linopy-02,20260926-v3-linopy,2026-09-26 16:34:29.538078,c4-standard-2,us-central1-a,03cd735,0.0
reference-benchmark,highs-binary,1.10.0,,OK,Optimal,218.14152298599947,,2813303766.2,,,,,benchmark-instance-benchmark-instance-v3-linopy-02,20260926-v3-linopy,2026-09-26 17:38:07.787951,c4-standard-2,us-central1-a,03cd735,
SWITCH-USA-PG-3-168h,gurobi-default,13.0.0,2025.0,ok,optimal,90.11429994100035,878.088,32987211603.86908,,,84.8135621547699,3600.0,benchmark-instance-benchmark-instance-v3-linopy-02,20260926-v3-linopy,2026-09-26 17:38:07.788140,c4-standard-2,us-central1-a,03cd735,0.0
SWITCH-USA-PG-3-168h,highs-ipm,1.15.1,2026.0,ok,optimal,366.056839932,1715.728,32987211612.013622,,,357.8581657409668,3600.0,benchmark-instance-benchmark-instance-v3-linopy-02,20260926-v3-linopy,2026-09-26 17:39:43.014336,c4-standard-2,us-central1-a,03cd735,0.0
reference-benchmark,highs-binary,1.10.0,,OK,Optimal,218.07966920300169,,2813303766.2,,,,,benchmark-instance-benchmark-instance-v3-linopy-02,20260926-v3-linopy,2026-09-26 17:49:30.151343,c4-standard-2,us-central1-a,03cd735,
SWITCH-USA-PG-3-168h,highs-hipo,1.15.1,2026.0,ok,optimal,90.58838206099972,1874.608,32987211719.87601,,,82.3826699256897,3600.0,benchmark-instance-benchmark-instance-v3-linopy-02,20260926-v3-linopy,2026-09-26 17:49:30.151530,c4-standard-2,us-central1-a,03cd735,0.0
pypsa-eur-sec-50-168h,glpk-default,5.0,2020.0,TO,Timeout,3600.0,306.728,,,,3600.0,3600.0,benchmark-instance-benchmark-instance-v3-linopy-03,20260926-v3-linopy,2026-09-26 11:23:26.245395,c4-standard-2,us-central1-a,03cd735,0.0
reference-benchmark,highs-binary,1.10.0,,OK,Optimal,223.95755864700004,,2813303766.2,,,,,benchmark-instance-benchmark-instance-v3-linopy-03,20260926-v3-linopy,2026-09-26 12:27:10.243336,c4-standard-2,us-central1-a,03cd735,
pypsa-eur-sec-50-168h,scip-default,8.0.3,2022.0,TO,Timeout,3600.0,2956.444,,,,3600.0,3600.0,benchmark-instance-benchmark-instance-v3-linopy-03,20260926-v3-linopy,2026-09-26 12:27:21.502819,c4-standard-2,us-central1-a,03cd735,0.0
reference-benchmark,highs-binary,1.10.0,,OK,Optimal,220.78030718300036,,2813303766.2,,,,,benchmark-instance-benchmark-instance-v3-linopy-03,20260926-v3-linopy,2026-09-26 13:31:02.385842,c4-standard-2,us-central1-a,03cd735,
pypsa-eur-sec-50-168h,gurobi-default,10.0.0,2022.0,ok,optimal,170.25814230099968,1036.752,76995154567.28535,,,166.10621809959412,3600.0,benchmark-instance-benchmark-instance-v3-linopy-03,20260926-v3-linopy,2026-09-26 13:31:02.386030,c4-standard-2,us-central1-a,03cd735,0.0
pypsa-eur-sec-50-168h,cbc-default,2.10.11,2023.0,TO,Timeout,3600.0,308.632,,,,3600.0,3600.0,benchmark-instance-benchmark-instance-v3-linopy-03,20260926-v3-linopy,2026-09-26 13:34:08.763413,c4-standard-2,us-central1-a,03cd735,1.0
reference-benchmark,highs-binary,1.10.0,,OK,Optimal,220.9102348810011,,2813303766.2,,,,,benchmark-instance-benchmark-instance-v3-linopy-03,20260926-v3-linopy,2026-09-26 14:37:49.696360,c4-standard-2,us-central1-a,03cd735,
pypsa-eur-sec-50-168h,scip-default,8.1.0,2023.0,TO,Timeout,3600.0,2975.272,,,,3600.0,3600.0,benchmark-instance-benchmark-instance-v3-linopy-03,20260926-v3-linopy,2026-09-26 14:37:49.699626,c4-standard-2,us-central1-a,03cd735,0.0
reference-benchmark,highs-binary,1.10.0,,OK,Optimal,216.4503077770005,,2813303766.2,,,,,benchmark-instance-benchmark-instance-v3-linopy-03,20260926-v3-linopy,2026-09-26 15:41:26.247022,c4-standard-2,us-central1-a,03cd735,
pypsa-eur-sec-50-168h,gurobi-default,11.0.0,2023.0,TO,Timeout,3600.0,597.256,,,,3600.0,3600.0,benchmark-instance-benchmark-instance-v3-linopy-03,20260926-v3-linopy,2026-09-26 15:41:26.247203,c4-standard-2,us-central1-a,03cd735,0.0
reference-benchmark,highs-binary,1.10.0,,OK,Optimal,220.2627033149984,,2813303766.2,,,,,benchmark-instance-benchmark-instance-v3-linopy-03,20260926-v3-linopy,2026-09-26 16:45:06.550895,c4-standard-2,us-central1-a,03cd735,
pypsa-eur-sec-50-168h,cbc-default,2.10.12,2024.0,TO,Timeout,3600.0,307.964,,,,3600.0,3600.0,benchmark-instance-benchmark-instance-v3-linopy-03,20260926-v3-linopy,2026-09-26 16:45:15.340345,c4-standard-2,us-central1-a,03cd735,1.0
reference-benchmark,highs-binary,1.10.0,,OK,Optimal,223.9992904030005,,2813303766.2,,,,,benchmark-instance-benchmark-instance-v3-linopy-03,20260926-v3-linopy,2026-09-26 17:48:59.368224,c4-standard-2,us-central1-a,03cd735,
pypsa-eur-sec-50-168h,scip-default,9.2.0,2024.0,TO,Timeout,3600.0,2965.328,,,,3600.0,3600.0,benchmark-instance-benchmark-instance-v3-linopy-03,20260926-v3-linopy,2026-09-26 17:48:59.371394,c4-standard-2,us-central1-a,03cd735,0.0
reference-benchmark,highs-binary,1.10.0,,OK,Optimal,218.50274817100217,,2813303766.2,,,,,benchmark-instance-benchmark-instance-v3-linopy-03,20260926-v3-linopy,2026-09-26 18:52:37.959205,c4-standard-2,us-central1-a,03cd735,
pypsa-eur-sec-50-168h,gurobi-default,12.0.0,2024.0,TO,Timeout,3600.0,581.336,,,,3600.0,3600.0,benchmark-instance-benchmark-instance-v3-linopy-03,20260926-v3-linopy,2026-09-26 18:52:37.959390,c4-standard-2,us-central1-a,03cd735,0.0
reference-benchmark,highs-binary,1.10.0,,OK,Optimal,214.3182323359979,,2813303766.2,,,,,benchmark-instance-benchmark-instance-v3-linopy-03,20260926-v3-linopy,2026-09-26 19:56:12.311111,c4-standard-2,us-central1-a,03cd735,
pypsa-eur-sec-50-168h,scip-default,10.0.0,2025.0,TO,Timeout,3600.0,2988.352,,,,3600.0,3600.0,benchmark-instance-benchmark-instance-v3-linopy-03,20260926-v3-linopy,2026-09-26 19:56:16.118244,c4-standard-2,us-central1-a,03cd735,0.0
reference-benchmark,highs-binary,1.10.0,,OK,Optimal,217.74786470199612,,2813303766.2,,,,,benchmark-instance-benchmark-instance-v3-linopy-03,20260926-v3-linopy,2026-09-26 20:59:53.956936,c4-standard-2,us-central1-a,03cd735,
pypsa-eur-sec-50-168h,gurobi-default,13.0.0,2025.0,TO,Timeout,3600.0,566.188,,,,3600.0,3600.0,benchmark-instance-benchmark-instance-v3-linopy-03,20260926-v3-linopy,2026-09-26 20:59:53.957119,c4-standard-2,us-central1-a,03cd735,0.0
reference-benchmark,highs-binary,1.10.0,,OK,Optimal,219.82251281299975,,2813303766.2,,,,,benchmark-instance-benchmark-instance-v3-linopy-03,20260926-v3-linopy,2026-09-26 22:03:33.813268,c4-standard-2,us-central1-a,03cd735,
pypsa-eur-sec-50-168h,highs-ipm,1.15.1,2026.0,ok,optimal,403.684587415999,800.18,76995154572.3654,,,400.5736284255981,3600.0,benchmark-instance-benchmark-instance-v3-linopy-03,20260926-v3-linopy,2026-09-26 22:03:35.153579,c4-standard-2,us-central1-a,03cd735,0.0
reference-benchmark,highs-binary,1.10.0,,OK,Optimal,212.7299722089956,,2813303766.2,,,,,benchmark-instance-benchmark-instance-v3-linopy-03,20260926-v3-linopy,2026-09-26 22:13:54.506740,c4-standard-2,us-central1-a,03cd735,
pypsa-eur-sec-50-168h,highs-hipo,1.15.1,2026.0,ok,optimal,477.62984082000185,1535.44,76995154575.00586,,,474.6221075057984,3600.0,benchmark-instance-benchmark-instance-v3-linopy-03,20260926-v3-linopy,2026-09-26 22:13:54.506929,c4-standard-2,us-central1-a,03cd735,0.0
DCOPF-Carolinas_uc_2M-997-1h,glpk-default,5.0,2020.0,TO,Timeout,3600.0,219.66,,,,3600.0,3600.0,benchmark-instance-benchmark-instance-v3-linopy-04,20260926-v3-linopy,2026-09-26 11:58:12.454340,c4-standard-2,us-central1-a,7cb59c5,0.0
reference-benchmark,highs-binary,1.10.0,,OK,Optimal,220.090474007,,2813303766.2,,,,,benchmark-instance-benchmark-instance-v3-linopy-04,20260926-v3-linopy,2026-09-26 13:01:52.586386,c4-standard-2,us-central1-a,7cb59c5,
DCOPF-Carolinas_uc_2M-997-1h,scip-default,8.0.3,2022.0,ok,optimal,1780.9675795270005,2155.592,4463591.522110939,1.8184009853428048e-11,9.868322353733077e-05,1779.632932,3600.0,benchmark-instance-benchmark-instance-v3-linopy-04,20260926-v3-linopy,2026-09-26 13:02:03.905176,c4-standard-2,us-central1-a,7cb59c5,0.0
reference-benchmark,highs-binary,1.10.0,,OK,Optimal,229.6110999980001,,2813303766.2,,,,,benchmark-instance-benchmark-instance-v3-linopy-04,20260926-v3-linopy,2026-09-26 13:35:44.834167,c4-standard-2,us-central1-a,7cb59c5,
DCOPF-Carolinas_uc_2M-997-1h,gurobi-default,10.0.0,2022.0,ok,optimal,190.0318865649997,713.816,4463831.29462382,0.0,9.991389598479496e-05,188.72372007369995,3600.0,benchmark-instance-benchmark-instance-v3-linopy-04,20260926-v3-linopy,2026-09-26 13:35:44.834342,c4-standard-2,us-central1-a,7cb59c5,0.0
DCOPF-Carolinas_uc_2M-997-1h,cbc-default,2.10.11,2023.0,TO,Timeout,3600.0,221.732,,,,3600.0,3600.0,benchmark-instance-benchmark-instance-v3-linopy-04,20260926-v3-linopy,2026-09-26 13:39:10.973043,c4-standard-2,us-central1-a,7cb59c5,1.0
reference-benchmark,highs-binary,1.10.0,,OK,Optimal,220.51329369199996,,2813303766.2,,,,,benchmark-instance-benchmark-instance-v3-linopy-04,20260926-v3-linopy,2026-09-26 14:42:51.521974,c4-standard-2,us-central1-a,7cb59c5,
DCOPF-Carolinas_uc_2M-997-1h,scip-default,8.1.0,2023.0,ok,optimal,1782.9943447879996,2207.1,4463591.522110939,1.8184009853428048e-11,9.868322353733077e-05,1781.635382,3600.0,benchmark-instance-benchmark-instance-v3-linopy-04,20260926-v3-linopy,2026-09-26 14:42:51.524719,c4-standard-2,us-central1-a,7cb59c5,0.0
DCOPF-Carolinas_uc_2M-997-1h,gurobi-default,11.0.0,2023.0,ok,optimal,154.2103747250003,737.52,4463728.554647207,0.0,9.913193953609604e-05,153.02817296981812,3600.0,benchmark-instance-benchmark-instance-v3-linopy-04,20260926-v3-linopy,2026-09-26 15:12:45.469912,c4-standard-2,us-central1-a,7cb59c5,0.0
DCOPF-Carolinas_uc_2M-997-1h,cbc-default,2.10.12,2024.0,TO,Timeout,3600.0,220.62,,,,3600.0,3600.0,benchmark-instance-benchmark-instance-v3-linopy-04,20260926-v3-linopy,2026-09-26 15:15:32.224742,c4-standard-2,us-central1-a,7cb59c5,1.0
reference-benchmark,highs-binary,1.10.0,,OK,Optimal,219.2426456659996,,2813303766.2,,,,,benchmark-instance-benchmark-instance-v3-linopy-04,20260926-v3-linopy,2026-09-26 16:19:11.559571,c4-standard-2,us-central1-a,7cb59c5,
DCOPF-Carolinas_uc_2M-997-1h,scip-default,9.2.0,2024.0,ok,optimal,1777.8619519709991,2317.784,4463591.522110939,1.8184009853428048e-11,9.868322353733077e-05,1776.611841,3600.0,benchmark-instance-benchmark-instance-v3-linopy-04,20260926-v3-linopy,2026-09-26 16:19:11.562472,c4-standard-2,us-central1-a,7cb59c5,0.0
DCOPF-Carolinas_uc_2M-997-1h,gurobi-default,12.0.0,2024.0,ok,optimal,118.28355995899985,682.54,4463807.772626111,0.0,9.928261958133235e-05,117.03139901161194,3600.0,benchmark-instance-benchmark-instance-v3-linopy-04,20260926-v3-linopy,2026-09-26 16:49:00.481993,c4-standard-2,us-central1-a,7cb59c5,0.0
DCOPF-Carolinas_uc_2M-997-1h,scip-default,10.0.0,2025.0,ok,optimal,1741.697335861998,2170.184,4463591.522110939,1.8184009853428048e-11,9.868322353733077e-05,1740.447577,3600.0,benchmark-instance-benchmark-instance-v3-linopy-04,20260926-v3-linopy,2026-09-26 16:51:06.476116,c4-standard-2,us-central1-a,7cb59c5,0.0
reference-benchmark,highs-binary,1.10.0,,OK,Optimal,224.7321863890029,,2813303766.2,,,,,benchmark-instance-benchmark-instance-v3-linopy-04,20260926-v3-linopy,2026-09-26 17:24:03.514601,c4-standard-2,us-central1-a,7cb59c5,
DCOPF-Carolinas_uc_2M-997-1h,gurobi-default,13.0.0,2025.0,ok,optimal,107.23812964699756,687.176,4463816.604879668,0.0,9.592942374189506e-05,106.02230191230774,3600.0,benchmark-instance-benchmark-instance-v3-linopy-04,20260926-v3-linopy,2026-09-26 17:24:03.514786,c4-standard-2,us-central1-a,7cb59c5,0.0
pypsa-eur-elec-trex_vopt-uc-50-168h,glpk-default,5.0,2020.0,TO,Timeout,3600.0,196.048,,,,3600.0,3600.0,benchmark-instance-benchmark-instance-v3-linopy-05,20260926-v3-linopy,2026-09-26 11:57:59.400137,c4-standard-2,us-central1-a,7cb59c5,0.0
reference-benchmark,highs-binary,1.10.0,,OK,Optimal,217.4708372249997,,2813303766.2,,,,,benchmark-instance-benchmark-instance-v3-linopy-05,20260926-v3-linopy,2026-09-26 13:01:36.908438,c4-standard-2,us-central1-a,7cb59c5,
pypsa-eur-elec-trex_vopt-uc-50-168h,scip-default,8.0.3,2022.0,TO,Timeout,3600.0,1184.836,,,,3600.0,3600.0,benchmark-instance-benchmark-instance-v3-linopy-05,20260926-v3-linopy,2026-09-26 13:01:48.245053,c4-standard-2,us-central1-a,7cb59c5,0.0
reference-benchmark,highs-binary,1.10.0,,OK,Optimal,216.7203561809993,,2813303766.2,,,,,benchmark-instance-benchmark-instance-v3-linopy-05,20260926-v3-linopy,2026-09-26 14:05:25.009299,c4-standard-2,us-central1-a,7cb59c5,
pypsa-eur-elec-trex_vopt-uc-50-168h,gurobi-default,10.0.0,2022.0,ok,optimal,219.3127077300005,535.56,30873285714.198544,0.0,9.844279650686723e-05,218.5294370651245,3600.0,benchmark-instance-benchmark-instance-v3-linopy-05,20260926-v3-linopy,2026-09-26 14:05:25.009485,c4-standard-2,us-central1-a,7cb59c5,0.0
pypsa-eur-elec-trex_vopt-uc-50-168h,cbc-default,2.10.11,2023.0,TO,Timeout,3600.0,197.912,,,,3600.0,3600.0,benchmark-instance-benchmark-instance-v3-linopy-05,20260926-v3-linopy,2026-09-26 14:09:22.031722,c4-standard-2,us-central1-a,7cb59c5,1.0
reference-benchmark,highs-binary,1.10.0,,OK,Optimal,217.24111076400004,,2813303766.2,,,,,benchmark-instance-benchmark-instance-v3-linopy-05,20260926-v3-linopy,2026-09-26 15:12:59.306013,c4-standard-2,us-central1-a,7cb59c5,
pypsa-eur-elec-trex_vopt-uc-50-168h,scip-default,8.1.0,2023.0,TO,Timeout,3600.0,1200.212,,,,3600.0,3600.0,benchmark-instance-benchmark-instance-v3-linopy-05,20260926-v3-linopy,2026-09-26 15:12:59.306205,c4-standard-2,us-central1-a,7cb59c5,0.0
reference-benchmark,highs-binary,1.10.0,,OK,Optimal,218.67479790599828,,2813303766.2,,,,,benchmark-instance-benchmark-instance-v3-linopy-05,20260926-v3-linopy,2026-09-26 16:16:38.012437,c4-standard-2,us-central1-a,7cb59c5,
pypsa-eur-elec-trex_vopt-uc-50-168h,gurobi-default,11.0.0,2023.0,ok,optimal,266.22274693300096,551.696,30873283038.56261,4.830622875561451e-07,8.337605436827371e-05,265.48920702934265,3600.0,benchmark-instance-benchmark-instance-v3-linopy-05,20260926-v3-linopy,2026-09-26 16:16:38.012622,c4-standard-2,us-central1-a,7cb59c5,0.0
pypsa-eur-elec-trex_vopt-uc-50-168h,cbc-default,2.10.12,2024.0,TO,Timeout,3600.0,197.368,,,,3600.0,3600.0,benchmark-instance-benchmark-instance-v3-linopy-05,20260926-v3-linopy,2026-09-26 16:21:15.619610,c4-standard-2,us-central1-a,7cb59c5,1.0
reference-benchmark,highs-binary,1.10.0,,OK,Optimal,216.3129787079997,,2813303766.2,,,,,benchmark-instance-benchmark-instance-v3-linopy-05,20260926-v3-linopy,2026-09-26 17:24:51.965950,c4-standard-2,us-central1-a,7cb59c5,
pypsa-eur-elec-trex_vopt-uc-50-168h,scip-default,9.2.0,2024.0,TO,Timeout,3600.0,1186.54,,,,3600.0,3600.0,benchmark-instance-benchmark-instance-v3-linopy-05,20260926-v3-linopy,2026-09-26 17:24:51.966128,c4-standard-2,us-central1-a,7cb59c5,0.0
reference-benchmark,highs-binary,1.10.0,,OK,Optimal,217.3184616029976,,2813303766.2,,,,,benchmark-instance-benchmark-instance-v3-linopy-05,20260926-v3-linopy,2026-09-26 18:28:29.316032,c4-standard-2,us-central1-a,7cb59c5,
pypsa-eur-elec-trex_vopt-uc-50-168h,gurobi-default,12.0.0,2024.0,ok,optimal,180.35114640399843,519.016,30872216611.695107,0.0,9.942129767686758e-05,179.57707691192627,3600.0,benchmark-instance-benchmark-instance-v3-linopy-05,20260926-v3-linopy,2026-09-26 18:28:29.316209,c4-standard-2,us-central1-a,7cb59c5,0.0
pypsa-eur-elec-trex_vopt-uc-50-168h,scip-default,10.0.0,2025.0,TO,Timeout,3600.0,1186.984,,,,3600.0,3600.0,benchmark-instance-benchmark-instance-v3-linopy-05,20260926-v3-linopy,2026-09-26 18:31:37.181892,c4-standard-2,us-central1-a,7cb59c5,0.0
reference-benchmark,highs-binary,1.10.0,,OK,Optimal,217.01569629500227,,2813303766.2,,,,,benchmark-instance-benchmark-instance-v3-linopy-05,20260926-v3-linopy,2026-09-26 19:35:14.236245,c4-standard-2,us-central1-a,7cb59c5,
pypsa-eur-elec-trex_vopt-uc-50-168h,gurobi-default,13.0.0,2025.0,ok,optimal,242.8449547840028,561.14,30873448182.64052,0.0,8.140505014268396e-05,242.0720670223236,3600.0,benchmark-instance-benchmark-instance-v3-linopy-05,20260926-v3-linopy,2026-09-26 19:35:14.237047,c4-standard-2,us-central1-a,7cb59c5,0.0
pypsa-eur-elec-trex_vopt-50-168h,glpk-default,5.0,2020.0,ok,optimal,258.324226882,279.48,35669977580.0,,,,3600.0,benchmark-instance-benchmark-instance-v3-linopy-06,20260926-v3-linopy,2026-09-26 11:23:24.756171,c4-standard-2,us-central1-a,03cd735,0.0
reference-benchmark,highs-binary,1.10.0,,OK,Optimal,221.70540892500003,,2813303766.2,,,,,benchmark-instance-benchmark-instance-v3-linopy-06,20260926-v3-linopy,2026-09-26 11:31:27.585330,c4-standard-2,us-central1-a,03cd735,
pypsa-eur-elec-trex_vopt-50-168h,scip-default,8.0.3,2022.0,ok,optimal,1144.883701861,828.424,35669977577.23863,,,1144.319624,3600.0,benchmark-instance-benchmark-instance-v3-linopy-06,20260926-v3-linopy,2026-09-26 11:31:38.696833,c4-standard-2,us-central1-a,03cd735,0.0
reference-benchmark,highs-binary,1.10.0,,OK,Optimal,221.639377645,,2813303766.2,,,,,benchmark-instance-benchmark-instance-v3-linopy-06,20260926-v3-linopy,2026-09-26 11:54:28.029071,c4-standard-2,us-central1-a,03cd735,
pypsa-eur-elec-trex_vopt-50-168h,gurobi-default,10.0.0,2022.0,ok,optimal,5.280116169999928,313.596,35669977577.23925,,,4.261038064956665,3600.0,benchmark-instance-benchmark-instance-v3-linopy-06,20260926-v3-linopy,2026-09-26 11:54:28.029252,c4-standard-2,us-central1-a,03cd735,0.0
pypsa-eur-elec-trex_vopt-50-168h,cbc-default,2.10.11,2023.0,ok,optimal,371.721252954,235.26,35669977577.239265,,,,3600.0,benchmark-instance-benchmark-instance-v3-linopy-06,20260926-v3-linopy,2026-09-26 11:54:49.755481,c4-standard-2,us-central1-a,03cd735,1.0
reference-benchmark,highs-binary,1.10.0,,OK,Optimal,223.958320747,,2813303766.2,,,,,benchmark-instance-benchmark-instance-v3-linopy-06,20260926-v3-linopy,2026-09-26 12:04:48.248330,c4-standard-2,us-central1-a,03cd735,
pypsa-eur-elec-trex_vopt-50-168h,scip-default,8.1.0,2023.0,ok,optimal,1142.997460312,842.992,35669977577.23863,,,1142.443806,3600.0,benchmark-instance-benchmark-instance-v3-linopy-06,20260926-v3-linopy,2026-09-26 12:04:48.248549,c4-standard-2,us-central1-a,03cd735,0.0
pypsa-eur-elec-trex_vopt-50-168h,gurobi-default,11.0.0,2023.0,ok,optimal,236.76560127799985,287.484,35669977577.23928,,,235.9693160057068,3600.0,benchmark-instance-benchmark-instance-v3-linopy-06,20260926-v3-linopy,2026-09-26 12:23:54.475034,c4-standard-2,us-central1-a,03cd735,0.0
pypsa-eur-elec-trex_vopt-50-168h,cbc-default,2.10.12,2024.0,ok,optimal,372.07119062400034,239.564,35669977577.239265,,,,3600.0,benchmark-instance-benchmark-instance-v3-linopy-06,20260926-v3-linopy,2026-09-26 12:28:03.585480,c4-standard-2,us-central1-a,03cd735,1.0
reference-benchmark,highs-binary,1.10.0,,OK,Optimal,219.4801067239996,,2813303766.2,,,,,benchmark-instance-benchmark-instance-v3-linopy-06,20260926-v3-linopy,2026-09-26 12:37:58.204478,c4-standard-2,us-central1-a,03cd735,
pypsa-eur-elec-trex_vopt-50-168h,scip-default,9.2.0,2024.0,ok,optimal,1143.5486619680005,819.176,35669977577.23863,,,1143.026663,3600.0,benchmark-instance-benchmark-instance-v3-linopy-06,20260926-v3-linopy,2026-09-26 12:37:58.204653,c4-standard-2,us-central1-a,03cd735,0.0
pypsa-eur-elec-trex_vopt-50-168h,gurobi-default,12.0.0,2024.0,ok,optimal,182.93356986300023,292.308,35669977577.23954,,,182.0524799823761,3600.0,benchmark-instance-benchmark-instance-v3-linopy-06,20260926-v3-linopy,2026-09-26 12:57:04.898957,c4-standard-2,us-central1-a,03cd735,0.0
pypsa-eur-elec-trex_vopt-50-168h,scip-default,10.0.0,2025.0,ok,optimal,1143.7723234640007,818.516,35669977577.23863,,,1143.256352,3600.0,benchmark-instance-benchmark-instance-v3-linopy-06,20260926-v3-linopy,2026-09-26 13:00:14.538595,c4-standard-2,us-central1-a,03cd735,0.0
reference-benchmark,highs-binary,1.10.0,,OK,Optimal,220.39140475600016,,2813303766.2,,,,,benchmark-instance-benchmark-instance-v3-linopy-06,20260926-v3-linopy,2026-09-26 13:23:01.627729,c4-standard-2,us-central1-a,03cd735,
pypsa-eur-elec-trex_vopt-50-168h,gurobi-default,13.0.0,2025.0,ok,optimal,177.22843103600007,292.644,35669977577.23962,,,176.3385829925537,3600.0,benchmark-instance-benchmark-instance-v3-linopy-06,20260926-v3-linopy,2026-09-26 13:23:01.627914,c4-standard-2,us-central1-a,03cd735,0.0
pypsa-eur-elec-trex_vopt-50-168h,highs-ipm,1.15.1,2026.0,ok,optimal,29.40216098000019,300.452,35669977577.41212,,,28.85519027709961,3600.0,benchmark-instance-benchmark-instance-v3-linopy-06,20260926-v3-linopy,2026-09-26 13:26:03.272383,c4-standard-2,us-central1-a,03cd735,0.0
reference-benchmark,highs-binary,1.10.0,,OK,Optimal,220.2544614999997,,2813303766.2,,,,,benchmark-instance-benchmark-instance-v3-linopy-06,20260926-v3-linopy,2026-09-26 13:30:15.601607,c4-standard-2,us-central1-a,03cd735,
pypsa-eur-elec-trex_vopt-50-168h,highs-hipo,1.15.1,2026.0,ok,optimal,34.03621634299998,442.292,35669977648.93874,,,33.491522550582886,3600.0,benchmark-instance-benchmark-instance-v3-linopy-06,20260926-v3-linopy,2026-09-26 13:30:15.603277,c4-standard-2,us-central1-a,03cd735,0.0
pypsa-eur-elec-50-168h,glpk-default,5.0,2020.0,ok,optimal,129.70251610499997,278.976,31872370700.0,,,,3600.0,benchmark-instance-benchmark-instance-v3-linopy-07,20260926-v3-linopy,2026-09-26 11:23:06.233843,c4-standard-2,us-central1-a,03cd735,0.0
reference-benchmark,highs-binary,1.10.0,,OK,Optimal,215.858760688,,2813303766.2,,,,,benchmark-instance-benchmark-instance-v3-linopy-07,20260926-v3-linopy,2026-09-26 11:28:54.565210,c4-standard-2,us-central1-a,03cd735,
pypsa-eur-elec-50-168h,scip-default,8.0.3,2022.0,ok,optimal,253.457762916,759.632,31872370698.00026,,,252.909176,3600.0,benchmark-instance-benchmark-instance-v3-linopy-07,20260926-v3-linopy,2026-09-26 11:29:06.101064,c4-standard-2,us-central1-a,03cd735,0.0
reference-benchmark,highs-binary,1.10.0,,OK,Optimal,215.819351859,,2813303766.2,,,,,benchmark-instance-benchmark-instance-v3-linopy-07,20260926-v3-linopy,2026-09-26 11:36:58.216282,c4-standard-2,us-central1-a,03cd735,
pypsa-eur-elec-50-168h,gurobi-default,10.0.0,2022.0,ok,optimal,4.060218699000075,301.316,31872370697.9991,,,3.001642942428589,3600.0,benchmark-instance-benchmark-instance-v3-linopy-07,20260926-v3-linopy,2026-09-26 11:36:58.216472,c4-standard-2,us-central1-a,03cd735,0.0
pypsa-eur-elec-50-168h,cbc-default,2.10.11,2023.0,ok,optimal,97.52361934399994,237.536,31872370698.00067,,,,3600.0,benchmark-instance-benchmark-instance-v3-linopy-07,20260926-v3-linopy,2026-09-26 11:37:18.070267,c4-standard-2,us-central1-a,03cd735,1.0
reference-benchmark,highs-binary,1.10.0,,OK,Optimal,218.11260425699996,,2813303766.2,,,,,benchmark-instance-benchmark-instance-v3-linopy-07,20260926-v3-linopy,2026-09-26 11:42:36.736930,c4-standard-2,us-central1-a,03cd735,
pypsa-eur-elec-50-168h,scip-default,8.1.0,2023.0,ok,optimal,253.6365688230001,768.272,31872370698.00026,,,253.079026,3600.0,benchmark-instance-benchmark-instance-v3-linopy-07,20260926-v3-linopy,2026-09-26 11:42:36.737147,c4-standard-2,us-central1-a,03cd735,0.0
pypsa-eur-elec-50-168h,gurobi-default,11.0.0,2023.0,ok,optimal,40.00128114299992,269.928,31872370698.00078,,,39.21794199943543,3600.0,benchmark-instance-benchmark-instance-v3-linopy-07,20260926-v3-linopy,2026-09-26 11:46:53.600914,c4-standard-2,us-central1-a,03cd735,0.0
pypsa-eur-elec-50-168h,cbc-default,2.10.12,2024.0,ok,optimal,97.30165090599984,235.8,31872370698.00067,,,,3600.0,benchmark-instance-benchmark-instance-v3-linopy-07,20260926-v3-linopy,2026-09-26 11:47:44.952602,c4-standard-2,us-central1-a,03cd735,1.0
reference-benchmark,highs-binary,1.10.0,,OK,Optimal,216.371532568,,2813303766.2,,,,,benchmark-instance-benchmark-instance-v3-linopy-07,20260926-v3-linopy,2026-09-26 11:53:01.616738,c4-standard-2,us-central1-a,03cd735,
pypsa-eur-elec-50-168h,scip-default,9.2.0,2024.0,ok,optimal,253.64153856300004,749.236,31872370698.00026,,,253.103479,3600.0,benchmark-instance-benchmark-instance-v3-linopy-07,20260926-v3-linopy,2026-09-26 11:53:01.616921,c4-standard-2,us-central1-a,03cd735,0.0
pypsa-eur-elec-50-168h,gurobi-default,12.0.0,2024.0,ok,optimal,41.19891486799997,275.22,31872370698.00084,,,40.3698320388794,3600.0,benchmark-instance-benchmark-instance-v3-linopy-07,20260926-v3-linopy,2026-09-26 11:57:18.387187,c4-standard-2,us-central1-a,03cd735,0.0
pypsa-eur-elec-50-168h,scip-default,10.0.0,2025.0,ok,optimal,255.25925381399972,748.78,31872370698.00026,,,254.747199,3600.0,benchmark-instance-benchmark-instance-v3-linopy-07,20260926-v3-linopy,2026-09-26 11:58:06.183847,c4-standard-2,us-central1-a,03cd735,0.0
reference-benchmark,highs-binary,1.10.0,,OK,Optimal,216.2287998450001,,2813303766.2,,,,,benchmark-instance-benchmark-instance-v3-linopy-07,20260926-v3-linopy,2026-09-26 12:06:00.577540,c4-standard-2,us-central1-a,03cd735,
pypsa-eur-elec-50-168h,gurobi-default,13.0.0,2025.0,ok,optimal,38.61632483300036,277.136,31872370698.000797,,,37.70856189727783,3600.0,benchmark-instance-benchmark-instance-v3-linopy-07,20260926-v3-linopy,2026-09-26 12:06:00.577717,c4-standard-2,us-central1-a,03cd735,0.0
pypsa-eur-elec-50-168h,highs-ipm,1.15.1,2026.0,ok,optimal,17.330617243000233,288.244,31872370698.43547,,,16.765692710876465,3600.0,benchmark-instance-benchmark-instance-v3-linopy-07,20260926-v3-linopy,2026-09-26 12:06:43.487417,c4-standard-2,us-central1-a,03cd735,0.0
reference-benchmark,highs-binary,1.10.0,,OK,Optimal,214.4784469209999,,2813303766.2,,,,,benchmark-instance-benchmark-instance-v3-linopy-07,20260926-v3-linopy,2026-09-26 12:10:37.920697,c4-standard-2,us-central1-a,03cd735,
pypsa-eur-elec-50-168h,highs-hipo,1.15.1,2026.0,ok,optimal,13.491907929000265,334.128,31872370710.51572,,,12.962934970855711,3600.0,benchmark-instance-benchmark-instance-v3-linopy-07,20260926-v3-linopy,2026-09-26 12:10:37.921776,c4-standard-2,us-central1-a,03cd735,0.0
OEMOF-economic-results-1-8760ts,glpk-default,5.0,2020.0,ok,optimal,6.989241422999996,254.492,19364183970.0,0.0,,,3600.0,benchmark-instance-benchmark-instance-v3-linopy-08,20260926-v3-linopy,2026-09-26 11:58:10.896648,c4-standard-2,us-central1-a,7cb59c5,0.0
reference-benchmark,highs-binary,1.10.0,,OK,Optimal,205.765903675,,2813303766.2,,,,,benchmark-instance-benchmark-instance-v3-linopy-08,20260926-v3-linopy,2026-09-26 12:01:46.302615,c4-standard-2,us-central1-a,7cb59c5,
OEMOF-economic-results-1-8760ts,scip-default,8.0.3,2022.0,ok,optimal,7.813603399999977,525.848,19364184373.23463,0.0,1.8054468288474717e-08,7.419461,3600.0,benchmark-instance-benchmark-instance-v3-linopy-08,20260926-v3-linopy,2026-09-26 12:01:57.112548,c4-standard-2,us-central1-a,7cb59c5,0.0
reference-benchmark,highs-binary,1.10.0,,OK,Optimal,216.195636515,,2813303766.2,,,,,benchmark-instance-benchmark-instance-v3-linopy-08,20260926-v3-linopy,2026-09-26 12:05:43.703604,c4-standard-2,us-central1-a,7cb59c5,
OEMOF-economic-results-1-8760ts,gurobi-default,10.0.0,2022.0,ok,optimal,0.9998192790000076,293.112,19364184373.23463,0.0,0.0,0.2940871715545654,3600.0,benchmark-instance-benchmark-instance-v3-linopy-08,20260926-v3-linopy,2026-09-26 12:05:43.703779,c4-standard-2,us-central1-a,7cb59c5,0.0
OEMOF-economic-results-1-8760ts,cbc-default,2.10.11,2023.0,ok,optimal,5.617300190999913,453.248,19364184373.23457,0.0,2.0656622653833523e-08,4.52,3600.0,benchmark-instance-benchmark-instance-v3-linopy-08,20260926-v3-linopy,2026-09-26 12:06:00.454603,c4-standard-2,us-central1-a,7cb59c5,1.0
reference-benchmark,highs-binary,1.10.0,,OK,Optimal,213.199971375,,2813303766.2,,,,,benchmark-instance-benchmark-instance-v3-linopy-08,20260926-v3-linopy,2026-09-26 12:09:42.368392,c4-standard-2,us-central1-a,7cb59c5,
OEMOF-economic-results-1-8760ts,scip-default,8.1.0,2023.0,ok,optimal,8.400362489999907,545.72,19364184373.23463,0.0,1.8054468288474717e-08,7.976860999999999,3600.0,benchmark-instance-benchmark-instance-v3-linopy-08,20260926-v3-linopy,2026-09-26 12:09:42.368613,c4-standard-2,us-central1-a,7cb59c5,0.0
OEMOF-economic-results-1-8760ts,gurobi-default,11.0.0,2023.0,ok,optimal,0.9657832119999056,273.992,19364184373.23463,0.0,0.0,0.3271448612213135,3600.0,benchmark-instance-benchmark-instance-v3-linopy-08,20260926-v3-linopy,2026-09-26 12:09:53.990090,c4-standard-2,us-central1-a,7cb59c5,0.0
OEMOF-economic-results-1-8760ts,cbc-default,2.10.12,2024.0,ok,optimal,5.71854961300005,452.4,19364184373.23457,0.0,2.0656622653833523e-08,4.52,3600.0,benchmark-instance-benchmark-instance-v3-linopy-08,20260926-v3-linopy,2026-09-26 12:10:06.486250,c4-standard-2,us-central1-a,7cb59c5,1.0
reference-benchmark,highs-binary,1.10.0,,OK,Optimal,205.35661134300005,,2813303766.2,,,,,benchmark-instance-benchmark-instance-v3-linopy-08,20260926-v3-linopy,2026-09-26 12:13:40.722544,c4-standard-2,us-central1-a,7cb59c5,
OEMOF-economic-results-1-8760ts,scip-default,9.2.0,2024.0,ok,optimal,8.009769157999926,518.04,19364184373.23463,0.0,1.8054468288474717e-08,7.630926,3600.0,benchmark-instance-benchmark-instance-v3-linopy-08,20260926-v3-linopy,2026-09-26 12:13:40.722728,c4-standard-2,us-central1-a,7cb59c5,0.0
OEMOF-economic-results-1-8760ts,gurobi-default,12.0.0,2024.0,ok,optimal,1.0361880890000066,277.764,19364184373.23463,0.0,0.0,0.3175580501556396,3600.0,benchmark-instance-benchmark-instance-v3-linopy-08,20260926-v3-linopy,2026-09-26 12:13:51.634353,c4-standard-2,us-central1-a,7cb59c5,0.0
OEMOF-economic-results-1-8760ts,scip-default,10.0.0,2025.0,ok,optimal,8.087025553000103,516.42,19364184373.23463,0.0,1.8054468288474717e-08,7.710631,3600.0,benchmark-instance-benchmark-instance-v3-linopy-08,20260926-v3-linopy,2026-09-26 12:13:59.047555,c4-standard-2,us-central1-a,7cb59c5,0.0
reference-benchmark,highs-binary,1.10.0,,OK,Optimal,204.89245487900007,,2813303766.2,,,,,benchmark-instance-benchmark-instance-v3-linopy-08,20260926-v3-linopy,2026-09-26 12:17:34.850280,c4-standard-2,us-central1-a,7cb59c5,
OEMOF-economic-results-1-8760ts,gurobi-default,13.0.0,2025.0,ok,optimal,0.9965173719999711,280.792,19364184373.234634,0.0,0.0,0.3087179660797119,3600.0,benchmark-instance-benchmark-instance-v3-linopy-08,20260926-v3-linopy,2026-09-26 12:17:34.850466,c4-standard-2,us-central1-a,7cb59c5,0.0
ethos-fine-multi-regional-7tp-8-168ts,glpk-default,5.0,2020.0,ER,unknown,0.0156737630000023,184.448,,,,,3600.0,benchmark-instance-benchmark-instance-v3-linopy-09,20260926-v3-linopy,2026-09-26 11:57:59.700870,c4-standard-2,us-central1-a,7cb59c5,0.0
reference-benchmark,highs-binary,1.10.0,,OK,Optimal,191.522031813,,2813303766.2,,,,,benchmark-instance-benchmark-instance-v3-linopy-09,20260926-v3-linopy,2026-09-26 12:01:13.629068,c4-standard-2,us-central1-a,7cb59c5,
ethos-fine-multi-regional-7tp-8-168ts,scip-default,8.0.3,2022.0,TO,Timeout,3600.0,695.772,,,,3600.0,3600.0,benchmark-instance-benchmark-instance-v3-linopy-09,20260926-v3-linopy,2026-09-26 12:01:23.952821,c4-standard-2,us-central1-a,7cb59c5,0.0
reference-benchmark,highs-binary,1.10.0,,OK,Optimal,191.8088309730001,,2813303766.2,,,,,benchmark-instance-benchmark-instance-v3-linopy-09,20260926-v3-linopy,2026-09-26 13:04:35.805774,c4-standard-2,us-central1-a,7cb59c5,
ethos-fine-multi-regional-7tp-8-168ts,gurobi-default,10.0.0,2022.0,ok,optimal,2694.8647818500003,465.784,53.3140148107713,0.0,8.775569218411087e-05,2694.2872478961945,3600.0,benchmark-instance-benchmark-instance-v3-linopy-09,20260926-v3-linopy,2026-09-26 13:04:35.805947,c4-standard-2,us-central1-a,7cb59c5,0.0
ethos-fine-multi-regional-7tp-8-168ts,cbc-default,2.10.11,2023.0,TO,Timeout,3600.0,186.124,,,,3600.0,3600.0,benchmark-instance-benchmark-instance-v3-linopy-09,20260926-v3-linopy,2026-09-26 13:49:45.392366,c4-standard-2,us-central1-a,7cb59c5,1.0
reference-benchmark,highs-binary,1.10.0,,OK,Optimal,196.74734792699928,,2813303766.2,,,,,benchmark-instance-benchmark-instance-v3-linopy-09,20260926-v3-linopy,2026-09-26 14:53:02.170358,c4-standard-2,us-central1-a,7cb59c5,
ethos-fine-multi-regional-7tp-8-168ts,scip-default,8.1.0,2023.0,TO,Timeout,3600.0,712.828,,,,3600.0,3600.0,benchmark-instance-benchmark-instance-v3-linopy-09,20260926-v3-linopy,2026-09-26 14:53:02.170573,c4-standard-2,us-central1-a,7cb59c5,0.0
reference-benchmark,highs-binary,1.10.0,,OK,Optimal,195.5300806359992,,2813303766.2,,,,,benchmark-instance-benchmark-instance-v3-linopy-09,20260926-v3-linopy,2026-09-26 15:56:17.728517,c4-standard-2,us-central1-a,7cb59c5,
ethos-fine-multi-regional-7tp-8-168ts,gurobi-default,11.0.0,2023.0,ok,optimal,1776.606371062,442.008,53.31400983622567,0.0,7.320337458581102e-05,1776.0456998348236,3600.0,benchmark-instance-benchmark-instance-v3-linopy-09,20260926-v3-linopy,2026-09-26 15:56:17.728712,c4-standard-2,us-central1-a,7cb59c5,0.0
ethos-fine-multi-regional-7tp-8-168ts,cbc-default,2.10.12,2024.0,TO,Timeout,3600.0,185.564,,,,3600.0,3600.0,benchmark-instance-benchmark-instance-v3-linopy-09,20260926-v3-linopy,2026-09-26 16:26:04.838470,c4-standard-2,us-central1-a,7cb59c5,1.0
reference-benchmark,highs-binary,1.10.0,,OK,Optimal,193.6668780600012,,2813303766.2,,,,,benchmark-instance-benchmark-instance-v3-linopy-09,20260926-v3-linopy,2026-09-26 17:29:18.548145,c4-standard-2,us-central1-a,7cb59c5,
ethos-fine-multi-regional-7tp-8-168ts,scip-default,9.2.0,2024.0,TO,Timeout,3600.0,694.288,,,,3600.0,3600.0,benchmark-instance-benchmark-instance-v3-linopy-09,20260926-v3-linopy,2026-09-26 17:29:18.548327,c4-standard-2,us-central1-a,7cb59c5,0.0
reference-benchmark,highs-binary,1.10.0,,OK,Optimal,193.0976057850021,,2813303766.2,,,,,benchmark-instance-benchmark-instance-v3-linopy-09,20260926-v3-linopy,2026-09-26 18:32:31.675584,c4-standard-2,us-central1-a,7cb59c5,
ethos-fine-multi-regional-7tp-8-168ts,gurobi-default,12.0.0,2024.0,ok,optimal,2733.9950169740005,434.92,53.31401881650922,0.0,8.328613198312597e-05,2733.406219959259,3600.0,benchmark-instance-benchmark-instance-v3-linopy-09,20260926-v3-linopy,2026-09-26 18:32:31.675775,c4-standard-2,us-central1-a,7cb59c5,0.0
ethos-fine-multi-regional-7tp-8-168ts,scip-default,10.0.0,2025.0,TO,Timeout,3600.0,692.536,,,,3600.0,3600.0,benchmark-instance-benchmark-instance-v3-linopy-09,20260926-v3-linopy,2026-09-26 19:18:12.096683,c4-standard-2,us-central1-a,7cb59c5,0.0
reference-benchmark,highs-binary,1.10.0,,OK,Optimal,204.96154935099912,,2813303766.2,,,,,benchmark-instance-benchmark-instance-v3-linopy-09,20260926-v3-linopy,2026-09-26 20:21:37.103423,c4-standard-2,us-central1-a,7cb59c5,
ethos-fine-multi-regional-7tp-8-168ts,gurobi-default,13.0.0,2025.0,TO,Timeout,3600.0,440.792,,,,3600.0,3600.0,benchmark-instance-benchmark-instance-v3-linopy-09,20260926-v3-linopy,2026-09-26 20:21:37.103598,c4-standard-2,us-central1-a,7cb59c5,0.0
reference-benchmark,highs-binary,1.10.0,,OK,Optimal,213.53546112999905,,2813303766.2,,,,,benchmark-instance-benchmark-instance-v3-linopy-09,20260926-v3-linopy,2026-09-26 21:25:10.665792,c4-standard-2,us-central1-a,7cb59c5,
FINE-2-node-electricity-supply-system-2-8760ts,glpk-default,5.0,2020.0,ok,optimal,3.121559340000005,169.72,39763.30783,,,,3600.0,benchmark-instance-benchmark-instance-v3-linopy-10,20260926-v3-linopy,2026-09-26 11:23:21.954235,c4-standard-2,us-central1-a,03cd735,0.0
reference-benchmark,highs-binary,1.10.0,,OK,Optimal,219.049136278,,2813303766.2,,,,,benchmark-instance-benchmark-instance-v3-linopy-10,20260926-v3-linopy,2026-09-26 11:27:06.964905,c4-standard-2,us-central1-a,03cd735,
FINE-2-node-electricity-supply-system-2-8760ts,scip-default,8.0.3,2022.0,ok,optimal,6.317624406999983,238.876,39763.307831576974,,,6.254886,3600.0,benchmark-instance-benchmark-instance-v3-linopy-10,20260926-v3-linopy,2026-09-26 11:27:18.431184,c4-standard-2,us-central1-a,03cd735,0.0
reference-benchmark,highs-binary,1.10.0,,OK,Optimal,218.80935952899995,,2813303766.2,,,,,benchmark-instance-benchmark-instance-v3-linopy-10,20260926-v3-linopy,2026-09-26 11:31:06.225047,c4-standard-2,us-central1-a,03cd735,
FINE-2-node-electricity-supply-system-2-8760ts,gurobi-default,10.0.0,2022.0,ok,optimal,1.3497412840000609,198.32,39763.307836019056,,,0.9580669403076172,3600.0,benchmark-instance-benchmark-instance-v3-linopy-10,20260926-v3-linopy,2026-09-26 11:31:06.225230,c4-standard-2,us-central1-a,03cd735,0.0
FINE-2-node-electricity-supply-system-2-8760ts,cbc-default,2.10.11,2023.0,ok,optimal,2.2540305750000016,173.164,39763.30783158,,,,3600.0,benchmark-instance-benchmark-instance-v3-linopy-10,20260926-v3-linopy,2026-09-26 11:31:23.423518,c4-standard-2,us-central1-a,03cd735,1.0
reference-benchmark,highs-binary,1.10.0,,OK,Optimal,220.77077003500008,,2813303766.2,,,,,benchmark-instance-benchmark-instance-v3-linopy-10,20260926-v3-linopy,2026-09-26 11:35:09.325695,c4-standard-2,us-central1-a,03cd735,
FINE-2-node-electricity-supply-system-2-8760ts,scip-default,8.1.0,2023.0,ok,optimal,6.265031471000043,253.972,39763.307831576974,,,6.202602,3600.0,benchmark-instance-benchmark-instance-v3-linopy-10,20260926-v3-linopy,2026-09-26 11:35:09.325908,c4-standard-2,us-central1-a,03cd735,0.0
FINE-2-node-electricity-supply-system-2-8760ts,gurobi-default,11.0.0,2023.0,ok,optimal,1.600775064000004,164.568,39763.30783157701,,,1.1868610382080078,3600.0,benchmark-instance-benchmark-instance-v3-linopy-10,20260926-v3-linopy,2026-09-26 11:35:18.695396,c4-standard-2,us-central1-a,03cd735,0.0
FINE-2-node-electricity-supply-system-2-8760ts,cbc-default,2.10.12,2024.0,ok,optimal,2.4120960249999825,172.532,39763.30783158,,,,3600.0,benchmark-instance-benchmark-instance-v3-linopy-10,20260926-v3-linopy,2026-09-26 11:35:31.742837,c4-standard-2,us-central1-a,03cd735,1.0
reference-benchmark,highs-binary,1.10.0,,OK,Optimal,220.78020422399996,,2813303766.2,,,,,benchmark-instance-benchmark-instance-v3-linopy-10,20260926-v3-linopy,2026-09-26 11:39:17.764118,c4-standard-2,us-central1-a,03cd735,
FINE-2-node-electricity-supply-system-2-8760ts,scip-default,9.2.0,2024.0,ok,optimal,6.232791583999983,237.776,39763.307831576974,,,6.159711,3600.0,benchmark-instance-benchmark-instance-v3-linopy-10,20260926-v3-linopy,2026-09-26 11:39:17.764303,c4-standard-2,us-central1-a,03cd735,0.0
FINE-2-node-electricity-supply-system-2-8760ts,gurobi-default,12.0.0,2024.0,ok,optimal,1.556240063999894,168.776,39763.307831577,,,1.122370958328247,3600.0,benchmark-instance-benchmark-instance-v3-linopy-10,20260926-v3-linopy,2026-09-26 11:39:26.928565,c4-standard-2,us-central1-a,03cd735,0.0
FINE-2-node-electricity-supply-system-2-8760ts,scip-default,10.0.0,2025.0,ok,optimal,6.262178816999949,237.816,39763.307831576974,,,6.19824,3600.0,benchmark-instance-benchmark-instance-v3-linopy-10,20260926-v3-linopy,2026-09-26 11:39:35.203211,c4-standard-2,us-central1-a,03cd735,0.0
reference-benchmark,highs-binary,1.10.0,,OK,Optimal,221.87039808300003,,2813303766.2,,,,,benchmark-instance-benchmark-instance-v3-linopy-10,20260926-v3-linopy,2026-09-26 11:43:26.090822,c4-standard-2,us-central1-a,03cd735,
FINE-2-node-electricity-supply-system-2-8760ts,gurobi-default,13.0.0,2025.0,ok,optimal,1.5915806259999954,171.176,39763.307831577,,,1.1373121738433838,3600.0,benchmark-instance-benchmark-instance-v3-linopy-10,20260926-v3-linopy,2026-09-26 11:43:26.091023,c4-standard-2,us-central1-a,03cd735,0.0
FINE-2-node-electricity-supply-system-2-8760ts,highs-ipm,1.15.1,2026.0,ok,optimal,1.743081082999879,180.36,39763.3078317199,,,1.6782183647155762,3600.0,benchmark-instance-benchmark-instance-v3-linopy-10,20260926-v3-linopy,2026-09-26 11:43:32.049332,c4-standard-2,us-central1-a,03cd735,0.0
reference-benchmark,highs-binary,1.10.0,,OK,Optimal,224.64034026199988,,2813303766.2,,,,,benchmark-instance-benchmark-instance-v3-linopy-10,20260926-v3-linopy,2026-09-26 11:47:21.155402,c4-standard-2,us-central1-a,03cd735,
FINE-2-node-electricity-supply-system-2-8760ts,highs-hipo,1.15.1,2026.0,ok,optimal,1.458791205999887,181.964,39763.30787991759,,,1.394664287567139,3600.0,benchmark-instance-benchmark-instance-v3-linopy-10,20260926-v3-linopy,2026-09-26 11:47:21.155590,c4-standard-2,us-central1-a,03cd735,0.0
OEMOF-diesel-genset-nonconvex-investment-1-240ts,glpk-default,5.0,2020.0,TO,Timeout,3600.0,160.316,,,,3600.0,3600.0,benchmark-instance-benchmark-instance-v3-linopy-11,20260926-v3-linopy,2026-09-26 11:57:55.151876,c4-standard-2,us-central1-a,7cb59c5,0.0
reference-benchmark,highs-binary,1.10.0,,OK,Optimal,224.7593520780001,,2813303766.2,,,,,benchmark-instance-benchmark-instance-v3-linopy-11,20260926-v3-linopy,2026-09-26 13:01:39.942879,c4-standard-2,us-central1-a,7cb59c5,
OEMOF-diesel-genset-nonconvex-investment-1-240ts,scip-default,8.0.3,2022.0,ok,optimal,16.222478281999884,256.692,1225.360980625712,4.218847493575595e-15,9.88370037681696e-05,16.19231,3600.0,benchmark-instance-benchmark-instance-v3-linopy-11,20260926-v3-linopy,2026-09-26 13:01:51.125244,c4-standard-2,us-central1-a,7cb59c5,0.0
reference-benchmark,highs-binary,1.10.0,,OK,Optimal,224.40172980599985,,2813303766.2,,,,,benchmark-instance-benchmark-instance-v3-linopy-11,20260926-v3-linopy,2026-09-26 13:05:54.395568,c4-standard-2,us-central1-a,7cb59c5,
OEMOF-diesel-genset-nonconvex-investment-1-240ts,gurobi-default,10.0.0,2022.0,ok,optimal,6.59990196400031,196.72,1225.3609806257118,0.0,9.943635226060346e-05,6.251595973968506,3600.0,benchmark-instance-benchmark-instance-v3-linopy-11,20260926-v3-linopy,2026-09-26 13:05:54.395748,c4-standard-2,us-central1-a,7cb59c5,0.0
OEMOF-diesel-genset-nonconvex-investment-1-240ts,cbc-default,2.10.11,2023.0,ok,optimal,17.970113587000014,166.5,1225.36098063,0.0,0.0,17.88,3600.0,benchmark-instance-benchmark-instance-v3-linopy-11,20260926-v3-linopy,2026-09-26 13:06:17.204428,c4-standard-2,us-central1-a,7cb59c5,1.0
reference-benchmark,highs-binary,1.10.0,,OK,Optimal,226.28138098099956,,2813303766.2,,,,,benchmark-instance-benchmark-instance-v3-linopy-11,20260926-v3-linopy,2026-09-26 13:10:24.018089,c4-standard-2,us-central1-a,7cb59c5,
OEMOF-diesel-genset-nonconvex-investment-1-240ts,scip-default,8.1.0,2023.0,ok,optimal,16.30525383999975,272.572,1225.360980625712,4.218847493575595e-15,9.88370037681696e-05,16.274405,3600.0,benchmark-instance-benchmark-instance-v3-linopy-11,20260926-v3-linopy,2026-09-26 13:10:24.018309,c4-standard-2,us-central1-a,7cb59c5,0.0
OEMOF-diesel-genset-nonconvex-investment-1-240ts,gurobi-default,11.0.0,2023.0,ok,optimal,5.705496870000388,175.888,1225.3609806257225,0.0,9.999829361099378e-05,5.347708940505981,3600.0,benchmark-instance-benchmark-instance-v3-linopy-11,20260926-v3-linopy,2026-09-26 13:10:43.438042,c4-standard-2,us-central1-a,7cb59c5,0.0
OEMOF-diesel-genset-nonconvex-investment-1-240ts,cbc-default,2.10.12,2024.0,ok,optimal,18.121851597000383,165.424,1225.36098063,0.0,0.0,17.98,3600.0,benchmark-instance-benchmark-instance-v3-linopy-11,20260926-v3-linopy,2026-09-26 13:11:00.475337,c4-standard-2,us-central1-a,7cb59c5,1.0
reference-benchmark,highs-binary,1.10.0,,OK,Optimal,226.632112413,,2813303766.2,,,,,benchmark-instance-benchmark-instance-v3-linopy-11,20260926-v3-linopy,2026-09-26 13:15:08.203568,c4-standard-2,us-central1-a,7cb59c5,
OEMOF-diesel-genset-nonconvex-investment-1-240ts,scip-default,9.2.0,2024.0,ok,optimal,16.21301186099936,256.412,1225.360980625712,4.218847493575595e-15,9.88370037681696e-05,16.177063,3600.0,benchmark-instance-benchmark-instance-v3-linopy-11,20260926-v3-linopy,2026-09-26 13:15:08.203745,c4-standard-2,us-central1-a,7cb59c5,0.0
OEMOF-diesel-genset-nonconvex-investment-1-240ts,gurobi-default,12.0.0,2024.0,ok,optimal,10.108420068999294,180.804,1225.3609806257114,0.0,9.99560445677694e-05,9.669234991073608,3600.0,benchmark-instance-benchmark-instance-v3-linopy-11,20260926-v3-linopy,2026-09-26 13:15:27.363173,c4-standard-2,us-central1-a,7cb59c5,0.0
OEMOF-diesel-genset-nonconvex-investment-1-240ts,scip-default,10.0.0,2025.0,ok,optimal,16.18904232800014,259.328,1225.360980625712,4.218847493575595e-15,9.88370037681696e-05,16.154766,3600.0,benchmark-instance-benchmark-instance-v3-linopy-11,20260926-v3-linopy,2026-09-26 13:15:45.387061,c4-standard-2,us-central1-a,7cb59c5,0.0
reference-benchmark,highs-binary,1.10.0,,OK,Optimal,224.5021077779993,,2813303766.2,,,,,benchmark-instance-benchmark-instance-v3-linopy-11,20260926-v3-linopy,2026-09-26 13:19:48.875835,c4-standard-2,us-central1-a,7cb59c5,
OEMOF-diesel-genset-nonconvex-investment-1-240ts,gurobi-default,13.0.0,2025.0,ok,optimal,19.69122082100057,202.852,1225.360980625714,0.0,9.776751903014411e-05,19.26432704925537,3600.0,benchmark-instance-benchmark-instance-v3-linopy-11,20260926-v3-linopy,2026-09-26 13:19:48.876021,c4-standard-2,us-central1-a,7cb59c5,0.0
temoa-utopia-1-6ts,glpk-default,5.0,2020.0,ok,optimal,0.0322881239999972,162.168,36535.63126,,,,3600.0,benchmark-instance-benchmark-instance-v3-linopy-12,20260926-v3-linopy,2026-09-26 11:23:36.178266,c4-standard-2,us-central1-a,03cd735,0.0
reference-benchmark,highs-binary,1.10.0,,OK,Optimal,216.722514905,,2813303766.2,,,,,benchmark-instance-benchmark-instance-v3-linopy-12,20260926-v3-linopy,2026-09-26 11:27:15.696687,c4-standard-2,us-central1-a,03cd735,
temoa-utopia-1-6ts,scip-default,8.0.3,2022.0,ok,optimal,0.0280865670000025,177.776,36535.63125749816,,,0.0165459999999999,3600.0,benchmark-instance-benchmark-instance-v3-linopy-12,20260926-v3-linopy,2026-09-26 11:27:27.106572,c4-standard-2,us-central1-a,03cd735,0.0
reference-benchmark,highs-binary,1.10.0,,OK,Optimal,213.996123695,,2813303766.2,,,,,benchmark-instance-benchmark-instance-v3-linopy-12,20260926-v3-linopy,2026-09-26 11:31:03.748485,c4-standard-2,us-central1-a,03cd735,
temoa-utopia-1-6ts,gurobi-default,10.0.0,2022.0,ok,optimal,0.3698686840000391,174.252,36535.63125778381,,,0.0113120079040527,3600.0,benchmark-instance-benchmark-instance-v3-linopy-12,20260926-v3-linopy,2026-09-26 11:31:03.748665,c4-standard-2,us-central1-a,03cd735,0.0
temoa-utopia-1-6ts,cbc-default,2.10.11,2023.0,ok,optimal,0.0493051459999378,164.352,36535.63125748,,,,3600.0,benchmark-instance-benchmark-instance-v3-linopy-12,20260926-v3-linopy,2026-09-26 11:31:20.096201,c4-standard-2,us-central1-a,03cd735,1.0
reference-benchmark,highs-binary,1.10.0,,OK,Optimal,215.10145185699992,,2813303766.2,,,,,benchmark-instance-benchmark-instance-v3-linopy-12,20260926-v3-linopy,2026-09-26 11:34:57.721790,c4-standard-2,us-central1-a,03cd735,
temoa-utopia-1-6ts,scip-default,8.1.0,2023.0,ok,optimal,0.0282868829999642,192.612,36535.63125749816,,,0.016614,3600.0,benchmark-instance-benchmark-instance-v3-linopy-12,20260926-v3-linopy,2026-09-26 11:34:57.722003,c4-standard-2,us-central1-a,03cd735,0.0
temoa-utopia-1-6ts,gurobi-default,11.0.0,2023.0,ok,optimal,0.435802300999967,156.036,36535.63125749816,,,0.0194640159606933,3600.0,benchmark-instance-benchmark-instance-v3-linopy-12,20260926-v3-linopy,2026-09-26 11:35:00.744634,c4-standard-2,us-central1-a,03cd735,0.0
temoa-utopia-1-6ts,cbc-default,2.10.12,2024.0,ok,optimal,0.0960514349999357,163.476,36535.63125748,,,,3600.0,benchmark-instance-benchmark-instance-v3-linopy-12,20260926-v3-linopy,2026-09-26 11:35:12.182476,c4-standard-2,us-central1-a,03cd735,1.0
reference-benchmark,highs-binary,1.10.0,,OK,Optimal,214.59564923100004,,2813303766.2,,,,,benchmark-instance-benchmark-instance-v3-linopy-12,20260926-v3-linopy,2026-09-26 11:38:49.654434,c4-standard-2,us-central1-a,03cd735,
temoa-utopia-1-6ts,scip-default,9.2.0,2024.0,ok,optimal,0.0339681660000223,176.824,36535.63125749816,,,0.01594,3600.0,benchmark-instance-benchmark-instance-v3-linopy-12,20260926-v3-linopy,2026-09-26 11:38:49.654610,c4-standard-2,us-central1-a,03cd735,0.0
temoa-utopia-1-6ts,gurobi-default,12.0.0,2024.0,ok,optimal,0.4125593219999928,157.44,36535.63125749816,,,0.0183980464935302,3600.0,benchmark-instance-benchmark-instance-v3-linopy-12,20260926-v3-linopy,2026-09-26 11:38:52.530427,c4-standard-2,us-central1-a,03cd735,0.0
temoa-utopia-1-6ts,scip-default,10.0.0,2025.0,ok,optimal,0.0329794090000632,176.9,36535.63125749816,,,0.0157929999999999,3600.0,benchmark-instance-benchmark-instance-v3-linopy-12,20260926-v3-linopy,2026-09-26 11:38:59.609063,c4-standard-2,us-central1-a,03cd735,0.0
reference-benchmark,highs-binary,1.10.0,,OK,Optimal,214.38497892399997,,2813303766.2,,,,,benchmark-instance-benchmark-instance-v3-linopy-12,20260926-v3-linopy,2026-09-26 11:42:36.725028,c4-standard-2,us-central1-a,03cd735,
temoa-utopia-1-6ts,gurobi-default,13.0.0,2025.0,ok,optimal,0.4168082370001684,159.068,36535.63125749816,,,0.0181660652160644,3600.0,benchmark-instance-benchmark-instance-v3-linopy-12,20260926-v3-linopy,2026-09-26 11:42:36.725202,c4-standard-2,us-central1-a,03cd735,0.0
temoa-utopia-1-6ts,highs-ipm,1.15.1,2026.0,ER,unknown,0.0446421680001094,164.184,,,,0.030487060546875,3600.0,benchmark-instance-benchmark-instance-v3-linopy-12,20260926-v3-linopy,2026-09-26 11:42:41.316569,c4-standard-2,us-central1-a,03cd735,0.0
reference-benchmark,highs-binary,1.10.0,,OK,Optimal,213.882528202,,2813303766.2,,,,,benchmark-instance-benchmark-instance-v3-linopy-12,20260926-v3-linopy,2026-09-26 11:46:17.843601,c4-standard-2,us-central1-a,03cd735,
temoa-utopia-1-6ts,highs-hipo,1.15.1,2026.0,ER,unknown,0.047073181000087,155.56,,,,0.0339555740356445,3600.0,benchmark-instance-benchmark-instance-v3-linopy-12,20260926-v3-linopy,2026-09-26 11:46:17.844314,c4-standard-2,us-central1-a,03cd735,0.0
SWITCH-3-zone-tiny-3-6ts,glpk-default,5.0,2020.0,ok,optimal,0.0114857849999907,161.74,126750492.1,0.0,,,3600.0,benchmark-instance-benchmark-instance-v3-linopy-13,20260926-v3-linopy,2026-09-26 11:58:09.349879,c4-standard-2,us-central1-a,7cb59c5,0.0
reference-benchmark,highs-binary,1.10.0,,OK,Optimal,210.852313966,,2813303766.2,,,,,benchmark-instance-benchmark-instance-v3-linopy-13,20260926-v3-linopy,2026-09-26 12:01:42.886756,c4-standard-2,us-central1-a,7cb59c5,
SWITCH-3-zone-tiny-3-6ts,scip-default,8.0.3,2022.0,ok,optimal,0.0120188750000238,173.88,126750492.10678376,0.0,0.0,0.0055509999999999,3600.0,benchmark-instance-benchmark-instance-v3-linopy-13,20260926-v3-linopy,2026-09-26 12:01:54.048790,c4-standard-2,us-central1-a,7cb59c5,0.0
reference-benchmark,highs-binary,1.10.0,,OK,Optimal,208.28351608900005,,2813303766.2,,,,,benchmark-instance-benchmark-instance-v3-linopy-13,20260926-v3-linopy,2026-09-26 12:05:24.852905,c4-standard-2,us-central1-a,7cb59c5,
SWITCH-3-zone-tiny-3-6ts,gurobi-default,10.0.0,2022.0,ok,optimal,0.287481060999994,172.976,126750492.10678376,0.0,1.1756294548579614e-16,0.0034589767456054,3600.0,benchmark-instance-benchmark-instance-v3-linopy-13,20260926-v3-linopy,2026-09-26 12:05:24.853083,c4-standard-2,us-central1-a,7cb59c5,0.0
SWITCH-3-zone-tiny-3-6ts,cbc-default,2.10.11,2023.0,ok,optimal,0.0499520829999937,164.284,126750492.1067838,0.0,0.0,0.02,3600.0,benchmark-instance-benchmark-instance-v3-linopy-13,20260926-v3-linopy,2026-09-26 12:05:40.998794,c4-standard-2,us-central1-a,7cb59c5,1.0
reference-benchmark,highs-binary,1.10.0,,OK,Optimal,210.347463683,,2813303766.2,,,,,benchmark-instance-benchmark-instance-v3-linopy-13,20260926-v3-linopy,2026-09-26 12:09:13.996415,c4-standard-2,us-central1-a,7cb59c5,
SWITCH-3-zone-tiny-3-6ts,scip-default,8.1.0,2023.0,ok,optimal,0.0136861309999858,188.656,126750492.10678376,0.0,0.0,0.006437,3600.0,benchmark-instance-benchmark-instance-v3-linopy-13,20260926-v3-linopy,2026-09-26 12:09:13.996628,c4-standard-2,us-central1-a,7cb59c5,0.0
SWITCH-3-zone-tiny-3-6ts,gurobi-default,11.0.0,2023.0,ok,optimal,0.4018934659999331,157.7,126750492.10678376,0.0,3.940346095717755e-05,0.0316309928894043,3600.0,benchmark-instance-benchmark-instance-v3-linopy-13,20260926-v3-linopy,2026-09-26 12:09:16.990387,c4-standard-2,us-central1-a,7cb59c5,0.0
SWITCH-3-zone-tiny-3-6ts,cbc-default,2.10.12,2024.0,ok,optimal,0.1018371799999613,163.184,126750492.1067838,0.0,0.0,0.03,3600.0,benchmark-instance-benchmark-instance-v3-linopy-13,20260926-v3-linopy,2026-09-26 12:09:29.287040,c4-standard-2,us-central1-a,7cb59c5,1.0
reference-benchmark,highs-binary,1.10.0,,OK,Optimal,209.35469883,,2813303766.2,,,,,benchmark-instance-benchmark-instance-v3-linopy-13,20260926-v3-linopy,2026-09-26 12:13:01.719640,c4-standard-2,us-central1-a,7cb59c5,
SWITCH-3-zone-tiny-3-6ts,scip-default,9.2.0,2024.0,ok,optimal,0.0194585390000838,173.884,126750492.10678376,0.0,0.0,0.0059489999999999,3600.0,benchmark-instance-benchmark-instance-v3-linopy-13,20260926-v3-linopy,2026-09-26 12:13:01.719813,c4-standard-2,us-central1-a,7cb59c5,0.0
SWITCH-3-zone-tiny-3-6ts,gurobi-default,12.0.0,2024.0,ok,optimal,0.4263112180000235,159.632,126750492.10678376,0.0,0.0,0.0329978466033935,3600.0,benchmark-instance-benchmark-instance-v3-linopy-13,20260926-v3-linopy,2026-09-26 12:13:04.528815,c4-standard-2,us-central1-a,7cb59c5,0.0
SWITCH-3-zone-tiny-3-6ts,scip-default,10.0.0,2025.0,ok,optimal,0.0183728399999836,173.5,126750492.10678376,0.0,0.0,0.005928,3600.0,benchmark-instance-benchmark-instance-v3-linopy-13,20260926-v3-linopy,2026-09-26 12:13:11.414110,c4-standard-2,us-central1-a,7cb59c5,0.0
reference-benchmark,highs-binary,1.10.0,,OK,Optimal,208.830420217,,2813303766.2,,,,,benchmark-instance-benchmark-instance-v3-linopy-13,20260926-v3-linopy,2026-09-26 12:16:42.928716,c4-standard-2,us-central1-a,7cb59c5,
SWITCH-3-zone-tiny-3-6ts,gurobi-default,13.0.0,2025.0,ok,optimal,0.4410305510000398,161.104,126750492.10678376,0.0,0.0,0.04600191116333,3600.0,benchmark-instance-benchmark-instance-v3-linopy-13,20260926-v3-linopy,2026-09-26 12:16:42.928899,c4-standard-2,us-central1-a,7cb59c5,0.0
pypsa-eur-elec-trex_vopt-uc-50-3h,cbc-default,2.10.12,2024.0,TO,Timeout,86400.0,2232.384,,,,86400.0,86400.0,benchmark-instance-benchmark-instance-v3-linopy-14,20260926-v3-linopy,2026-09-26 11:57:50.580191,c4-highmem-16,us-central1-b,7cb59c5,1.0
reference-benchmark,highs-binary,1.10.0,,OK,Optimal,192.5526267390087,,2813303766.2,,,,,benchmark-instance-benchmark-instance-v3-linopy-14,20260926-v3-linopy,2026-09-27 12:01:03.187906,c4-highmem-16,us-central1-b,7cb59c5,
pypsa-eur-elec-trex_vopt-uc-50-3h,scip-default,10.0.0,2025.0,TO,Timeout,86400.0,38364.752,,,,86400.0,86400.0,benchmark-instance-benchmark-instance-v3-linopy-14,20260926-v3-linopy,2026-09-27 12:01:06.740894,c4-highmem-16,us-central1-b,7cb59c5,0.0
reference-benchmark,highs-binary,1.10.0,,OK,Optimal,214.00090880901556,,2813303766.2,,,,,benchmark-instance-benchmark-instance-v3-linopy-14,20260926-v3-linopy,2026-09-28 12:04:40.999058,c4-highmem-16,us-central1-b,7cb59c5,
pypsa-eur-elec-trex_vopt-uc-50-3h,gurobi-default,13.0.0,2025.0,TO,Timeout,86400.0,29287.832,,,,86400.0,86400.0,benchmark-instance-benchmark-instance-v3-linopy-14,20260926-v3-linopy,2026-09-28 12:04:40.999248,c4-highmem-16,us-central1-b,7cb59c5,0.0
reference-benchmark,highs-binary,1.10.0,,OK,Optimal,209.55494287898185,,2813303766.2,,,,,benchmark-instance-benchmark-instance-v3-linopy-14,20260926-v3-linopy,2026-09-29 12:08:10.713645,c4-highmem-16,us-central1-b,7cb59c5,
pypsa-eur-elec-50-3h,cbc-default,2.10.12,2024.0,TO,Timeout,86400.0,1621.952,,,,86400.0,86400.0,benchmark-instance-benchmark-instance-v3-linopy-15,20260926-v3-linopy,2026-09-26 11:57:50.152372,c4-highmem-16,us-central1-c,7cb59c5,1.0
reference-benchmark,highs-binary,1.10.0,,OK,Optimal,210.94351758199628,,2813303766.2,,,,,benchmark-instance-benchmark-instance-v3-linopy-15,20260926-v3-linopy,2026-09-27 12:01:21.144818,c4-highmem-16,us-central1-c,7cb59c5,
pypsa-eur-elec-50-3h,scip-default,10.0.0,2025.0,TO,Timeout,86400.0,24733.808,,,,86400.0,86400.0,benchmark-instance-benchmark-instance-v3-linopy-15,20260926-v3-linopy,2026-09-27 12:01:24.661583,c4-highmem-16,us-central1-c,7cb59c5,0.0
reference-benchmark,highs-binary,1.10.0,,OK,Optimal,216.8572285269911,,2813303766.2,,,,,benchmark-instance-benchmark-instance-v3-linopy-15,20260926-v3-linopy,2026-09-28 12:05:01.646209,c4-highmem-16,us-central1-c,7cb59c5,
pypsa-eur-elec-50-3h,gurobi-default,13.0.0,2025.0,ok,optimal,312.4817577469803,5627.972,35580111629.53964,,,285.014417886734,86400.0,benchmark-instance-benchmark-instance-v3-linopy-15,20260926-v3-linopy,2026-09-28 12:05:01.646396,c4-highmem-16,us-central1-c,7cb59c5,0.0
pypsa-eur-elec-50-3h,highs-ipm,1.15.1,2026.0,ok,optimal,75742.964071872,6237.28,35580111634.423706,,,75702.61459136009,86400.0,benchmark-instance-benchmark-instance-v3-linopy-15,20260926-v3-linopy,2026-09-28 12:10:21.535228,c4-highmem-16,us-central1-c,7cb59c5,0.0
reference-benchmark,highs-binary,1.10.0,,OK,Optimal,220.4379358580045,,2813303766.2,,,,,benchmark-instance-benchmark-instance-v3-linopy-15,20260926-v3-linopy,2026-09-29 09:16:27.515136,c4-highmem-16,us-central1-c,7cb59c5,
pypsa-eur-elec-50-3h,highs-hipo,1.15.1,2026.0,ok,optimal,16730.96958046002,10455.016,35580111640.11328,,,16691.247535943985,86400.0,benchmark-instance-benchmark-instance-v3-linopy-15,20260926-v3-linopy,2026-09-29 09:16:27.515336,c4-highmem-16,us-central1-c,7cb59c5,0.0
reference-benchmark,highs-binary,1.10.0,,OK,Optimal,214.11888851801632,,2813303766.2,,,,,benchmark-instance-benchmark-instance-v3-linopy-15,20260926-v3-linopy,2026-09-29 13:58:53.402285,c4-highmem-16,us-central1-c,7cb59c5,
zen-garden-eur-PI-28-10ts,cbc-default,2.10.12,2024.0,TO,Timeout,86400.0,1812.776,,,,86400.0,86400.0,benchmark-instance-benchmark-instance-v3-linopy-16,20260926-v3-linopy,2026-09-26 11:57:48.251499,c4-highmem-16,us-central1-f,7cb59c5,1.0
reference-benchmark,highs-binary,1.10.0,,OK,Optimal,215.88704899299773,,2813303766.2,,,,,benchmark-instance-benchmark-instance-v3-linopy-16,20260926-v3-linopy,2026-09-27 12:01:24.215203,c4-highmem-16,us-central1-f,7cb59c5,
zen-garden-eur-PI-28-10ts,scip-default,10.0.0,2025.0,TO,Timeout,86400.0,21167.44,,,,86400.0,86400.0,benchmark-instance-benchmark-instance-v3-linopy-16,20260926-v3-linopy,2026-09-27 12:01:28.693203,c4-highmem-16,us-central1-f,7cb59c5,0.0
reference-benchmark,highs-binary,1.10.0,,OK,Optimal,212.858626612986,,2813303766.2,,,,,benchmark-instance-benchmark-instance-v3-linopy-16,20260926-v3-linopy,2026-09-28 12:05:01.667236,c4-highmem-16,us-central1-f,7cb59c5,
zen-garden-eur-PI-28-10ts,gurobi-default,13.0.0,2025.0,ok,optimal,221.12994967401028,5075.212,5825377.42548671,,,200.9440939426422,86400.0,benchmark-instance-benchmark-instance-v3-linopy-16,20260926-v3-linopy,2026-09-28 12:05:01.667423,c4-highmem-16,us-central1-f,7cb59c5,0.0
zen-garden-eur-PI-28-10ts,highs-ipm,1.15.1,2026.0,ok,optimal,24618.421939931985,5513.424,5825377.414671023,,,24590.30728673935,86400.0,benchmark-instance-benchmark-instance-v3-linopy-16,20260926-v3-linopy,2026-09-28 12:08:49.422715,c4-highmem-16,us-central1-f,7cb59c5,0.0
reference-benchmark,highs-binary,1.10.0,,OK,Optimal,217.15717778899125,,2813303766.2,,,,,benchmark-instance-benchmark-instance-v3-linopy-16,20260926-v3-linopy,2026-09-28 19:02:47.521698,c4-highmem-16,us-central1-f,7cb59c5,
zen-garden-eur-PI-28-10ts,highs-hipo,1.15.1,2026.0,ok,optimal,21822.005788543,9820.248,5825377.4210041,,,21793.78860926628,86400.0,benchmark-instance-benchmark-instance-v3-linopy-16,20260926-v3-linopy,2026-09-28 19:02:47.521945,c4-highmem-16,us-central1-f,7cb59c5,0.0
reference-benchmark,highs-binary,1.10.0,,OK,Optimal,216.05967478599632,,2813303766.2,,,,,benchmark-instance-benchmark-instance-v3-linopy-16,20260926-v3-linopy,2026-09-29 01:10:06.324149,c4-highmem-16,us-central1-f,7cb59c5,
openTEPES-spain_portugal-elec-uc-8-2h,cbc-default,2.10.12,2024.0,TO,Timeout,86400.0,1632.984,,,,86400.0,86400.0,benchmark-instance-benchmark-instance-v3-linopy-17,20260926-v3-linopy,2026-09-26 11:58:09.071342,c4-highmem-16,us-central1-b,7cb59c5,1.0
reference-benchmark,highs-binary,1.10.0,,OK,Optimal,195.46576796199952,,2813303766.2,,,,,benchmark-instance-benchmark-instance-v3-linopy-17,20260926-v3-linopy,2026-09-27 12:01:24.586607,c4-highmem-16,us-central1-b,7cb59c5,
openTEPES-spain_portugal-elec-uc-8-2h,scip-default,10.0.0,2025.0,TO,Timeout,86400.0,16349.552,,,,86400.0,86400.0,benchmark-instance-benchmark-instance-v3-linopy-17,20260926-v3-linopy,2026-09-27 12:01:28.012864,c4-highmem-16,us-central1-b,7cb59c5,0.0
reference-benchmark,highs-binary,1.10.0,,OK,Optimal,212.02336924700649,,2813303766.2,,,,,benchmark-instance-benchmark-instance-v3-linopy-17,20260926-v3-linopy,2026-09-28 12:05:00.148959,c4-highmem-16,us-central1-b,7cb59c5,
openTEPES-spain_portugal-elec-uc-8-2h,gurobi-default,13.0.0,2025.0,ok,optimal,34735.90804360501,99634.832,12278.819360602723,1.4565858386204154e-07,9.850980995751344e-05,34726.212523937225,86400.0,benchmark-instance-benchmark-instance-v3-linopy-17,20260926-v3-linopy,2026-09-28 12:05:00.149148,c4-highmem-16,us-central1-b,7cb59c5,0.0
reference-benchmark,highs-binary,1.10.0,,OK,Optimal,194.59535261397832,,2813303766.2,,,,,benchmark-instance-benchmark-instance-v3-linopy-17,20260926-v3-linopy,2026-09-28 21:47:16.184477,c4-highmem-16,us-central1-b,7cb59c5,
pypsa-de-elec-50-3h,cbc-default,2.10.12,2024.0,TO,Timeout,86400.0,1391.012,,,,86400.0,86400.0,benchmark-instance-benchmark-instance-v3-linopy-18,20260926-v3-linopy,2026-09-26 11:58:04.417046,c4-highmem-16,us-central1-c,7cb59c5,1.0
reference-benchmark,highs-binary,1.10.0,,OK,Optimal,199.70854520499412,,2813303766.2,,,,,benchmark-instance-benchmark-instance-v3-linopy-18,20260926-v3-linopy,2026-09-27 12:01:24.178320,c4-highmem-16,us-central1-c,7cb59c5,
pypsa-de-elec-50-3h,scip-default,10.0.0,2025.0,TO,Timeout,86400.0,21437.316,,,,86400.0,86400.0,benchmark-instance-benchmark-instance-v3-linopy-18,20260926-v3-linopy,2026-09-27 12:01:27.583469,c4-highmem-16,us-central1-c,7cb59c5,0.0
reference-benchmark,highs-binary,1.10.0,,OK,Optimal,197.8905025050044,,2813303766.2,,,,,benchmark-instance-benchmark-instance-v3-linopy-18,20260926-v3-linopy,2026-09-28 12:04:45.594910,c4-highmem-16,us-central1-c,7cb59c5,
pypsa-de-elec-50-3h,gurobi-default,13.0.0,2025.0,ok,optimal,181.1512218830176,7546.716,5632464188.842091,,,160.29693508148193,86400.0,benchmark-instance-benchmark-instance-v3-linopy-18,20260926-v3-linopy,2026-09-28 12:04:45.595100,c4-highmem-16,us-central1-c,7cb59c5,0.0
pypsa-de-elec-50-3h,highs-ipm,1.15.1,2026.0,ok,optimal,45860.26358339202,5269.424,5632464122.906506,,,45829.37768006325,86400.0,benchmark-instance-benchmark-instance-v3-linopy-18,20260926-v3-linopy,2026-09-28 12:07:52.989375,c4-highmem-16,us-central1-c,7cb59c5,0.0
reference-benchmark,highs-binary,1.10.0,,OK,Optimal,214.7363935270114,,2813303766.2,,,,,benchmark-instance-benchmark-instance-v3-linopy-18,20260926-v3-linopy,2026-09-29 00:55:50.346151,c4-highmem-16,us-central1-c,7cb59c5,
pypsa-de-elec-50-3h,highs-hipo,1.15.1,2026.0,ok,optimal,4807.775129610993,9796.864,5632464122.906822,,,4776.688162326813,86400.0,benchmark-instance-benchmark-instance-v3-linopy-18,20260926-v3-linopy,2026-09-29 00:55:50.346354,c4-highmem-16,us-central1-c,7cb59c5,0.0
reference-benchmark,highs-binary,1.10.0,,OK,Optimal,187.74393825500735,,2813303766.2,,,,,benchmark-instance-benchmark-instance-v3-linopy-18,20260926-v3-linopy,2026-09-29 02:19:06.636911,c4-highmem-16,us-central1-c,7cb59c5,
times-etimeseu-europe-elec+heat-multi_stage-29-64ts,cbc-default,2.10.12,2024.0,ER,,,1627.404,,,,,86400.0,benchmark-instance-benchmark-instance-v3-linopy-19,20260926-v3-linopy,2026-09-26 11:57:43.118057,c4-highmem-16,us-central1-f,7cb59c5,1.0
reference-benchmark,highs-binary,1.10.0,,OK,Optimal,213.281177396,,2813303766.2,,,,,benchmark-instance-benchmark-instance-v3-linopy-19,20260926-v3-linopy,2026-09-26 12:01:19.880106,c4-highmem-16,us-central1-f,7cb59c5,
times-etimeseu-europe-elec+heat-multi_stage-29-64ts,scip-default,10.0.0,2025.0,TO,Timeout,86400.0,60029.476,,,,86400.0,86400.0,benchmark-instance-benchmark-instance-v3-linopy-19,20260926-v3-linopy,2026-09-26 12:01:23.444254,c4-highmem-16,us-central1-f,7cb59c5,0.0
reference-benchmark,highs-binary,1.10.0,,OK,Optimal,215.57219722500304,,2813303766.2,,,,,benchmark-instance-benchmark-instance-v3-linopy-19,20260926-v3-linopy,2026-09-27 12:04:59.249110,c4-highmem-16,us-central1-f,7cb59c5,
times-etimeseu-europe-elec+heat-multi_stage-29-64ts,gurobi-default,13.0.0,2025.0,ok,optimal,771.2794171870046,13994.524,3612450.360030842,,,755.47274518013,86400.0,benchmark-instance-benchmark-instance-v3-linopy-19,20260926-v3-linopy,2026-09-27 12:04:59.249299,c4-highmem-16,us-central1-f,7cb59c5,0.0
times-etimeseu-europe-elec+heat-multi_stage-29-64ts,highs-ipm,1.15.1,2026.0,ER,unknown,3611.479049307003,3628.712,,,,3590.384185552597,86400.0,benchmark-instance-benchmark-instance-v3-linopy-19,20260926-v3-linopy,2026-09-27 12:17:56.673480,c4-highmem-16,us-central1-f,7cb59c5,0.0
reference-benchmark,highs-binary,1.10.0,,OK,Optimal,216.38992786699964,,2813303766.2,,,,,benchmark-instance-benchmark-instance-v3-linopy-19,20260926-v3-linopy,2026-09-27 13:21:47.069112,c4-highmem-16,us-central1-f,7cb59c5,
times-etimeseu-europe-elec+heat-multi_stage-29-64ts,highs-hipo,1.15.1,2026.0,ER,unknown,5622.943736079003,17796.616,,,,5601.91526556015,86400.0,benchmark-instance-benchmark-instance-v3-linopy-19,20260926-v3-linopy,2026-09-27 13:21:47.069301,c4-highmem-16,us-central1-f,7cb59c5,0.0
reference-benchmark,highs-binary,1.10.0,,OK,Optimal,213.7867202429916,,2813303766.2,,,,,benchmark-instance-benchmark-instance-v3-linopy-19,20260926-v3-linopy,2026-09-27 14:59:04.581076,c4-highmem-16,us-central1-f,7cb59c5,
genx-elec_trex_uc-15-24h,cbc-default,2.10.12,2024.0,ER,,,1414.684,,,,,86400.0,benchmark-instance-benchmark-instance-v3-linopy-20,20260926-v3-linopy,2026-09-26 11:57:57.517132,c4-highmem-16,us-central1-b,7cb59c5,1.0
reference-benchmark,highs-binary,1.10.0,,OK,Optimal,189.822396928,,2813303766.2,,,,,benchmark-instance-benchmark-instance-v3-linopy-20,20260926-v3-linopy,2026-09-26 12:03:48.691079,c4-highmem-16,us-central1-b,7cb59c5,
genx-elec_trex_uc-15-24h,scip-default,10.0.0,2025.0,ER,,,721.68,,,,,86400.0,benchmark-instance-benchmark-instance-v3-linopy-20,20260926-v3-linopy,2026-09-26 12:03:52.138420,c4-highmem-16,us-central1-b,7cb59c5,0.0
reference-benchmark,highs-binary,1.10.0,,OK,Optimal,191.105613906,,2813303766.2,,,,,benchmark-instance-benchmark-instance-v3-linopy-20,20260926-v3-linopy,2026-09-26 12:07:06.120833,c4-highmem-16,us-central1-b,7cb59c5,
genx-elec_trex_uc-15-24h,gurobi-default,13.0.0,2025.0,ok,optimal,498.022571972,9408.936,31903.351665470986,0.0,6.2094364449249564e-06,486.41362595558167,86400.0,benchmark-instance-benchmark-instance-v3-linopy-20,20260926-v3-linopy,2026-09-26 12:07:06.121013,c4-highmem-16,us-central1-b,7cb59c5,0.0
pypsa-eur-sec-50-24h,cbc-default,2.10.12,2024.0,TO,Timeout,86400.0,1191.828,,,,86400.0,86400.0,benchmark-instance-benchmark-instance-v3-linopy-21,20260926-v3-linopy,2026-09-26 11:57:47.743460,c4-highmem-16,us-central1-c,7cb59c5,1.0
reference-benchmark,highs-binary,1.10.0,,OK,Optimal,203.72323590199807,,2813303766.2,,,,,benchmark-instance-benchmark-instance-v3-linopy-21,20260926-v3-linopy,2026-09-27 12:01:11.520934,c4-highmem-16,us-central1-c,7cb59c5,
pypsa-eur-sec-50-24h,scip-default,10.0.0,2025.0,TO,Timeout,86400.0,18303.276,,,,86400.0,86400.0,benchmark-instance-benchmark-instance-v3-linopy-21,20260926-v3-linopy,2026-09-27 12:01:14.957768,c4-highmem-16,us-central1-c,7cb59c5,0.0
reference-benchmark,highs-binary,1.10.0,,OK,Optimal,186.8447971889982,,2813303766.2,,,,,benchmark-instance-benchmark-instance-v3-linopy-21,20260926-v3-linopy,2026-09-28 12:04:21.899703,c4-highmem-16,us-central1-c,7cb59c5,
pypsa-eur-sec-50-24h,gurobi-default,13.0.0,2025.0,ok,optimal,1505.9808835490255,10125.936,393814434428.5158,,,1490.5354042053225,86400.0,benchmark-instance-benchmark-instance-v3-linopy-21,20260926-v3-linopy,2026-09-28 12:04:21.899882,c4-highmem-16,us-central1-c,7cb59c5,0.0
pypsa-eur-sec-50-24h,highs-ipm,1.15.1,2026.0,ok,optimal,40364.314657646,4180.236,393814433048.1764,,,40342.53270435333,86400.0,benchmark-instance-benchmark-instance-v3-linopy-21,20260926-v3-linopy,2026-09-28 12:29:33.059772,c4-highmem-16,us-central1-c,7cb59c5,0.0
reference-benchmark,highs-binary,1.10.0,,OK,Optimal,182.56277522901652,,2813303766.2,,,,,benchmark-instance-benchmark-instance-v3-linopy-21,20260926-v3-linopy,2026-09-28 23:45:22.148538,c4-highmem-16,us-central1-c,7cb59c5,
pypsa-eur-sec-50-24h,highs-hipo,1.15.1,2026.0,ok,optimal,25841.95143403299,34598.012,393814433055.3148,,,25819.99651670456,86400.0,benchmark-instance-benchmark-instance-v3-linopy-21,20260926-v3-linopy,2026-09-28 23:45:22.148732,c4-highmem-16,us-central1-c,7cb59c5,0.0
reference-benchmark,highs-binary,1.10.0,,OK,Optimal,188.34556803299347,,2813303766.2,,,,,benchmark-instance-benchmark-instance-v3-linopy-21,20260926-v3-linopy,2026-09-29 06:59:13.169412,c4-highmem-16,us-central1-c,7cb59c5,
temoa-US_9R_TS-9-12ts,cbc-default,2.10.12,2024.0,ok,optimal,32371.991285903,3964.772,38368450.80244397,,,,86400.0,benchmark-instance-benchmark-instance-v3-linopy-22,20260926-v3-linopy,2026-09-26 11:57:55.700628,c4-highmem-16,us-central1-f,7cb59c5,1.0
reference-benchmark,highs-binary,1.10.0,,OK,Optimal,182.3224622119997,,2813303766.2,,,,,benchmark-instance-benchmark-instance-v3-linopy-22,20260926-v3-linopy,2026-09-26 21:00:54.309984,c4-highmem-16,us-central1-f,7cb59c5,
temoa-US_9R_TS-9-12ts,scip-default,10.0.0,2025.0,TO,Timeout,86400.0,13011.48,,,,86400.0,86400.0,benchmark-instance-benchmark-instance-v3-linopy-22,20260926-v3-linopy,2026-09-26 21:00:57.706983,c4-highmem-16,us-central1-f,7cb59c5,0.0
reference-benchmark,highs-binary,1.10.0,,OK,Optimal,186.33666038300728,,2813303766.2,,,,,benchmark-instance-benchmark-instance-v3-linopy-22,20260926-v3-linopy,2026-09-27 21:04:04.140136,c4-highmem-16,us-central1-f,7cb59c5,
temoa-US_9R_TS-9-12ts,gurobi-default,13.0.0,2025.0,ok,optimal,143.08296780000092,4408.5,38368452.64378744,,,126.98039603233336,86400.0,benchmark-instance-benchmark-instance-v3-linopy-22,20260926-v3-linopy,2026-09-27 21:04:04.140330,c4-highmem-16,us-central1-f,7cb59c5,0.0
temoa-US_9R_TS-9-12ts,highs-ipm,1.15.1,2026.0,ER,unknown,2656.4257899560034,5515.56,,,,2627.6166486740112,86400.0,benchmark-instance-benchmark-instance-v3-linopy-22,20260926-v3-linopy,2026-09-27 21:06:31.752501,c4-highmem-16,us-central1-f,7cb59c5,0.0
reference-benchmark,highs-binary,1.10.0,,OK,Optimal,181.7308661970019,,2813303766.2,,,,,benchmark-instance-benchmark-instance-v3-linopy-22,20260926-v3-linopy,2026-09-27 21:53:52.551523,c4-highmem-16,us-central1-f,7cb59c5,
temoa-US_9R_TS-9-12ts,highs-hipo,1.15.1,2026.0,ER,unknown,2954.6569206029963,8302.764,,,,2925.8049960136414,86400.0,benchmark-instance-benchmark-instance-v3-linopy-22,20260926-v3-linopy,2026-09-27 21:53:52.551712,c4-highmem-16,us-central1-f,7cb59c5,0.0
pypsa-eur-elec-100-12h,cbc-default,2.10.12,2024.0,TO,Timeout,86400.0,865.548,,,,86400.0,86400.0,benchmark-instance-benchmark-instance-v3-linopy-23,20260926-v3-linopy,2026-09-26 11:58:17.581187,c4-highmem-16,us-central1-b,7cb59c5,1.0
reference-benchmark,highs-binary,1.10.0,,OK,Optimal,210.39541106099205,,2813303766.2,,,,,benchmark-instance-benchmark-instance-v3-linopy-23,20260926-v3-linopy,2026-09-27 12:01:48.014571,c4-highmem-16,us-central1-b,7cb59c5,
pypsa-eur-elec-100-12h,scip-default,10.0.0,2025.0,ER,,,17160.88,,,,,86400.0,benchmark-instance-benchmark-instance-v3-linopy-23,20260926-v3-linopy,2026-09-27 12:01:51.414111,c4-highmem-16,us-central1-b,7cb59c5,0.0
reference-benchmark,highs-binary,1.10.0,,OK,Optimal,210.9913652130053,,2813303766.2,,,,,benchmark-instance-benchmark-instance-v3-linopy-23,20260926-v3-linopy,2026-09-28 03:32:12.220481,c4-highmem-16,us-central1-b,7cb59c5,
pypsa-eur-elec-100-12h,gurobi-default,13.0.0,2025.0,ok,optimal,162.79405415602378,3899.056,32574498573.108017,,,149.64069390296936,86400.0,benchmark-instance-benchmark-instance-v3-linopy-23,20260926-v3-linopy,2026-09-28 03:32:12.220668,c4-highmem-16,us-central1-b,7cb59c5,0.0
pypsa-eur-elec-100-12h,highs-ipm,1.15.1,2026.0,ok,optimal,19930.87392633001,3162.724,32574498576.35182,,,19913.496795654297,86400.0,benchmark-instance-benchmark-instance-v3-linopy-23,20260926-v3-linopy,2026-09-28 03:35:00.385033,c4-highmem-16,us-central1-b,7cb59c5,0.0
reference-benchmark,highs-binary,1.10.0,,OK,Optimal,218.5281790679728,,2813303766.2,,,,,benchmark-instance-benchmark-instance-v3-linopy-23,20260926-v3-linopy,2026-09-28 09:10:52.261633,c4-highmem-16,us-central1-b,7cb59c5,
pypsa-eur-elec-100-12h,highs-hipo,1.15.1,2026.0,ok,optimal,3394.585782245005,13212.78,32574498668.44893,,,3376.79807972908,86400.0,benchmark-instance-benchmark-instance-v3-linopy-23,20260926-v3-linopy,2026-09-28 09:10:52.261835,c4-highmem-16,us-central1-b,7cb59c5,0.0
reference-benchmark,highs-binary,1.10.0,,OK,Optimal,195.87860956101213,,2813303766.2,,,,,benchmark-instance-benchmark-instance-v3-linopy-23,20260926-v3-linopy,2026-09-28 10:10:43.453878,c4-highmem-16,us-central1-b,7cb59c5,
